sifra_obcine,population
001,19977
213,3444
195,3562
002,8078
148,2727
149,1334
003,8103
150,1563
004,5216
005,4688
006,3052
151,5908
007,5564
008,13202
009,24412
152,1748
011,49802
012,8029
013,11899
014,4445
153,2250
196,2357
015,3870
016,3001
017,14170
018,2737
019,4604
154,965
020,3946
155,2347
021,8068
156,1217
022,6438
157,3666
023,38326
024,2915
025,8773
026,7067
027,7739
028,4212
207,2733
029,8555
030,2534
031,1918
158,1953
032,22276
159,4092
160,12061
161,335
162,3085
034,8755
035,5451
036,11482
037,7974
038,13130
039,18272
040,16447
041,21769
163,679
042,2486
043,29830
044,5047
045,6606
046,3964
047,502
048,15595
049,3476
164,6800
050,54795
197,2424
165,604
051,2996
052,57491
053,5143
166,3531
054,26210
055,5018
056,1663
057,13023
058,8674
059,10088
060,15890
061,302826
062,2476
063,10850
208,3895
064,15129
065,3506
066,1839
167,2981
067,1396
068,6193
069,4009
198,2052
070,114872
168,4050
071,17580
072,8812
073,8552
074,3536
169,7300
075,5069
212,2895
170,3238
076,4489
199,3320
077,5683
078,5967
079,4438
080,18317
081,3329
082,5494
083,2681
084,31781
085,38678
086,1609
171,4203
087,11792
088,326
089,7879
090,18206
091,6168
092,3699
172,1828
093,2242
200,4327
173,6668
094,17192
174,5318
095,3946
175,6668
096,23898
097,5800
098,8363
099,4046
100,5064
101,6229
102,19359
103,11179
176,1231
209,2300
201,4424
104,9825
177,1071
106,11679
105,3027
107,3081
108,7157
178,4359
109,3780
110,17602
111,13669
112,17063
113,26363
114,15534
179,2354
180,493
202,1827
115,4111
203,4000
181,2347
204,2297
182,1191
116,2795
210,2238
205,1966
033,1342
183,6451
117,9041
118,8371
119,7446
120,19757
211,2915
121,3531
122,23850
123,12199
124,10575
206,3606
125,3436
194,5854
126,9007
127,4542
184,1833
010,3908
128,10661
129,15935
130,13855
185,1400
186,4000
131,15044
132,3070
133,33873
187,1379
134,4546
188,1361
135,5612
136,5866
137,2200
138,5291
139,9360
189,2792
140,18296
141,2594
142,16347
143,1453
144,6657
190,21737
146,6629
191,1299
147,5159
192,4515
193,4708
