sifra_obcine,municipality_name,adult_education_centers,bank_branches,bicycle_shops,cash_machines,commercial_services,dental_practices,doctors_surgeries,entertainment_culture,firefighters,food_supply_main,food_supply_other,gastronomy,general_specialist_practices,green_open_space,kindergartens,music_schools,nursing_homes,parcel_lockers,pharmacies,places_of_worship,playgrounds,post_offices,public_libraries,public_transport_stops,retail,schools,senior_meeting_places,sports_facilities,swimming_facilities
1,Ajdovščina,7.0,4.0,3.0,3.0,4.0,0.0,0.0,1.0,6.0,11.0,9.0,37.0,2.0,15.0,3.0,1.0,2.0,15.0,2.0,42.0,19.0,4.0,3.0,44.0,6.0,10.0,2.0,64.0,52.0
10,Tišina,0.0,0.0,0.0,2.0,4.0,0.0,1.0,0.0,7.0,2.0,2.0,12.0,0.0,0.0,1.0,0.0,0.0,2.0,1.0,3.0,1.0,1.0,0.0,19.0,1.0,2.0,0.0,15.0,1.0
100,Radenci,1.0,1.0,0.0,3.0,2.0,2.0,2.0,0.0,4.0,5.0,3.0,21.0,0.0,3.0,3.0,0.0,2.0,2.0,2.0,5.0,2.0,1.0,1.0,13.0,5.0,3.0,2.0,16.0,9.0
101,Radlje ob Dravi,1.0,1.0,2.0,2.0,0.0,0.0,0.0,1.0,2.0,5.0,1.0,17.0,2.0,3.0,1.0,0.0,0.0,0.0,1.0,12.0,2.0,1.0,1.0,15.0,1.0,3.0,0.0,15.0,0.0
102,Radovljica,0.0,5.0,1.0,9.0,6.0,2.0,0.0,11.0,5.0,17.0,5.0,67.0,1.0,12.0,5.0,0.0,1.0,2.0,3.0,22.0,17.0,6.0,2.0,30.0,8.0,7.0,1.0,46.0,26.0
103,Ravne na Koroškem,0.0,2.0,0.0,1.0,1.0,1.0,1.0,2.0,2.0,6.0,2.0,11.0,0.0,2.0,1.0,0.0,0.0,1.0,0.0,6.0,3.0,2.0,1.0,13.0,2.0,4.0,0.0,13.0,3.0
104,Ribnica,0.0,0.0,0.0,1.0,2.0,0.0,1.0,2.0,8.0,6.0,0.0,19.0,0.0,3.0,0.0,1.0,0.0,4.0,0.0,21.0,2.0,1.0,1.0,27.0,1.0,2.0,0.0,13.0,0.0
105,Rogašovci,0.0,0.0,0.0,2.0,4.0,1.0,1.0,0.0,11.0,3.0,2.0,19.0,0.0,4.0,2.0,0.0,1.0,2.0,0.0,5.0,0.0,1.0,0.0,16.0,1.0,2.0,1.0,8.0,7.0
106,Rogaška Slatina,0.0,2.0,0.0,7.0,10.0,0.0,0.0,4.0,2.0,11.0,4.0,29.0,0.0,25.0,2.0,0.0,2.0,0.0,2.0,15.0,5.0,2.0,1.0,25.0,13.0,8.0,1.0,14.0,5.0
107,Rogatec,0.0,1.0,0.0,2.0,5.0,0.0,1.0,3.0,2.0,2.0,1.0,10.0,0.0,3.0,1.0,0.0,1.0,0.0,1.0,6.0,3.0,1.0,1.0,13.0,1.0,1.0,1.0,16.0,6.0
108,Ruše,0.0,1.0,0.0,3.0,0.0,1.0,1.0,1.0,2.0,9.0,5.0,16.0,0.0,0.0,2.0,0.0,1.0,3.0,1.0,5.0,1.0,1.0,1.0,33.0,2.0,3.0,1.0,16.0,13.0
109,Semič,0.0,0.0,0.0,0.0,0.0,0.0,0.0,3.0,2.0,0.0,0.0,2.0,0.0,0.0,0.0,0.0,0.0,0.0,0.0,16.0,2.0,0.0,0.0,16.0,0.0,1.0,0.0,6.0,1.0
11,Celje,2.0,10.0,5.0,10.0,8.0,0.0,1.0,6.0,11.0,25.0,7.0,82.0,0.0,11.0,5.0,0.0,1.0,30.0,9.0,14.0,9.0,7.0,2.0,119.0,26.0,15.0,1.0,61.0,9.0
110,Sevnica,1.0,4.0,1.0,1.0,2.0,1.0,1.0,2.0,4.0,9.0,3.0,27.0,0.0,13.0,3.0,0.0,3.0,2.0,1.0,55.0,3.0,4.0,1.0,25.0,9.0,5.0,3.0,30.0,12.0
111,Sežana,4.0,5.0,3.0,5.0,27.0,4.0,2.0,13.0,4.0,15.0,15.0,66.0,3.0,18.0,8.0,0.0,3.0,8.0,4.0,33.0,11.0,3.0,1.0,45.0,12.0,4.0,3.0,50.0,37.0
112,Slovenj Gradec,1.0,2.0,3.0,4.0,3.0,0.0,0.0,2.0,7.0,13.0,2.0,32.0,0.0,9.0,1.0,2.0,1.0,1.0,1.0,29.0,5.0,3.0,1.0,25.0,13.0,12.0,1.0,25.0,4.0
113,Slovenska Bistrica,0.0,8.0,1.0,11.0,10.0,0.0,6.0,4.0,8.0,20.0,5.0,62.0,0.0,7.0,3.0,0.0,2.0,5.0,4.0,26.0,11.0,5.0,1.0,62.0,16.0,13.0,2.0,51.0,32.0
114,Slovenske Konjice,3.0,3.0,1.0,6.0,0.0,0.0,0.0,3.0,5.0,12.0,1.0,26.0,1.0,11.0,6.0,0.0,1.0,7.0,3.0,11.0,4.0,2.0,1.0,23.0,3.0,7.0,1.0,37.0,12.0
115,Starše,1.0,0.0,0.0,0.0,0.0,0.0,0.0,0.0,4.0,3.0,0.0,3.0,0.0,1.0,0.0,0.0,0.0,0.0,1.0,5.0,1.0,2.0,0.0,19.0,0.0,1.0,0.0,13.0,3.0
116,Sveti Jurij ob Ščavnici,1.0,0.0,0.0,3.0,5.0,0.0,0.0,1.0,4.0,1.0,3.0,7.0,1.0,1.0,2.0,0.0,0.0,0.0,1.0,6.0,2.0,3.0,0.0,21.0,4.0,1.0,0.0,4.0,3.0
117,Šenčur,1.0,1.0,0.0,1.0,0.0,1.0,0.0,1.0,6.0,3.0,5.0,16.0,1.0,2.0,3.0,0.0,1.0,1.0,1.0,11.0,7.0,2.0,1.0,33.0,1.0,3.0,1.0,22.0,8.0
118,Šentilj,2.0,0.0,0.0,2.0,2.0,0.0,2.0,1.0,2.0,11.0,0.0,17.0,0.0,4.0,1.0,1.0,0.0,0.0,1.0,4.0,0.0,3.0,0.0,40.0,1.0,9.0,0.0,13.0,5.0
119,Šentjernej,1.0,0.0,0.0,0.0,1.0,0.0,0.0,2.0,3.0,2.0,0.0,4.0,0.0,2.0,0.0,0.0,0.0,2.0,1.0,13.0,2.0,1.0,1.0,7.0,1.0,0.0,0.0,7.0,2.0
12,Cerklje na Gorenjskem,0.0,0.0,0.0,2.0,0.0,0.0,1.0,1.0,9.0,4.0,3.0,34.0,0.0,3.0,1.0,0.0,1.0,0.0,2.0,18.0,6.0,3.0,0.0,48.0,0.0,2.0,1.0,12.0,17.0
120,Šentjur,1.0,0.0,0.0,1.0,3.0,0.0,0.0,5.0,3.0,12.0,1.0,19.0,1.0,2.0,3.0,1.0,1.0,5.0,1.0,30.0,2.0,3.0,1.0,34.0,2.0,3.0,1.0,27.0,13.0
121,Škocjan,0.0,0.0,0.0,0.0,1.0,0.0,0.0,1.0,2.0,2.0,0.0,4.0,0.0,0.0,0.0,0.0,0.0,0.0,0.0,12.0,1.0,1.0,1.0,21.0,1.0,2.0,0.0,2.0,0.0
122,Škofja Loka,3.0,4.0,0.0,8.0,2.0,0.0,0.0,2.0,8.0,12.0,5.0,47.0,1.0,13.0,4.0,0.0,1.0,1.0,0.0,31.0,11.0,2.0,2.0,83.0,17.0,6.0,1.0,38.0,2.0
123,Škofljica,3.0,0.0,1.0,3.0,4.0,2.0,0.0,0.0,6.0,6.0,5.0,19.0,0.0,12.0,4.0,0.0,1.0,3.0,1.0,7.0,8.0,1.0,1.0,77.0,2.0,5.0,1.0,14.0,7.0
124,Šmarje pri Jelšah,3.0,3.0,0.0,2.0,7.0,0.0,1.0,0.0,5.0,11.0,3.0,25.0,0.0,3.0,3.0,0.0,1.0,1.0,1.0,21.0,6.0,1.0,0.0,31.0,2.0,6.0,1.0,20.0,7.0
125,Šmartno ob Paki,0.0,0.0,0.0,0.0,0.0,0.0,0.0,1.0,1.0,1.0,0.0,1.0,0.0,1.0,1.0,0.0,0.0,1.0,0.0,1.0,0.0,0.0,1.0,7.0,0.0,2.0,0.0,5.0,0.0
126,Šoštanj,2.0,1.0,0.0,2.0,0.0,0.0,0.0,3.0,2.0,2.0,0.0,9.0,0.0,3.0,1.0,1.0,0.0,1.0,0.0,13.0,1.0,0.0,0.0,35.0,0.0,2.0,0.0,17.0,2.0
127,Štore,0.0,0.0,0.0,0.0,0.0,0.0,1.0,0.0,0.0,1.0,0.0,0.0,0.0,0.0,0.0,0.0,0.0,0.0,1.0,5.0,0.0,0.0,0.0,9.0,0.0,1.0,0.0,10.0,0.0
128,Tolmin,1.0,3.0,2.0,6.0,2.0,1.0,5.0,12.0,9.0,12.0,2.0,37.0,3.0,8.0,1.0,0.0,2.0,3.0,1.0,38.0,21.0,4.0,1.0,43.0,3.0,17.0,2.0,44.0,5.0
129,Trbovlje,0.0,2.0,1.0,9.0,23.0,2.0,0.0,6.0,4.0,9.0,8.0,41.0,2.0,6.0,3.0,0.0,0.0,6.0,3.0,14.0,9.0,3.0,2.0,26.0,18.0,3.0,0.0,23.0,3.0
13,Cerknica,0.0,3.0,1.0,8.0,6.0,0.0,0.0,3.0,12.0,9.0,4.0,24.0,0.0,11.0,1.0,1.0,2.0,1.0,3.0,31.0,6.0,4.0,3.0,39.0,8.0,5.0,1.0,20.0,3.0
130,Trebnje,1.0,3.0,1.0,2.0,0.0,1.0,1.0,3.0,8.0,8.0,0.0,12.0,0.0,1.0,2.0,1.0,0.0,2.0,0.0,37.0,5.0,1.0,1.0,14.0,0.0,3.0,0.0,13.0,4.0
131,Tržič,2.0,1.0,0.0,4.0,0.0,0.0,1.0,2.0,9.0,11.0,4.0,29.0,0.0,0.0,2.0,0.0,1.0,4.0,2.0,13.0,17.0,2.0,1.0,32.0,7.0,4.0,1.0,21.0,9.0
132,Turnišče,0.0,0.0,1.0,1.0,5.0,1.0,1.0,1.0,5.0,4.0,3.0,10.0,0.0,1.0,1.0,0.0,0.0,2.0,1.0,6.0,5.0,1.0,1.0,24.0,3.0,2.0,0.0,9.0,9.0
133,Velenje,3.0,5.0,1.0,10.0,0.0,0.0,2.0,4.0,3.0,12.0,3.0,29.0,0.0,13.0,4.0,1.0,1.0,9.0,2.0,11.0,13.0,2.0,1.0,66.0,11.0,12.0,1.0,62.0,0.0
134,Velike Lašče,0.0,0.0,0.0,1.0,1.0,1.0,0.0,1.0,3.0,3.0,1.0,8.0,0.0,3.0,1.0,0.0,0.0,1.0,0.0,13.0,0.0,1.0,2.0,17.0,0.0,3.0,0.0,13.0,2.0
135,Videm,1.0,0.0,0.0,0.0,6.0,0.0,1.0,0.0,4.0,3.0,0.0,10.0,0.0,1.0,0.0,0.0,0.0,0.0,0.0,10.0,2.0,1.0,0.0,20.0,0.0,4.0,0.0,14.0,10.0
136,Vipava,0.0,0.0,0.0,1.0,2.0,0.0,0.0,6.0,3.0,3.0,1.0,21.0,0.0,6.0,0.0,0.0,0.0,1.0,1.0,21.0,5.0,2.0,3.0,17.0,2.0,4.0,0.0,34.0,17.0
137,Vitanje,0.0,0.0,0.0,0.0,0.0,0.0,1.0,1.0,1.0,2.0,0.0,1.0,0.0,3.0,0.0,0.0,0.0,0.0,1.0,5.0,2.0,1.0,0.0,3.0,0.0,0.0,0.0,2.0,0.0
138,Vodice,2.0,0.0,0.0,2.0,0.0,0.0,0.0,0.0,5.0,2.0,4.0,7.0,0.0,3.0,3.0,0.0,0.0,1.0,1.0,7.0,5.0,1.0,1.0,44.0,0.0,2.0,0.0,16.0,7.0
139,Vojnik,0.0,0.0,0.0,1.0,2.0,0.0,0.0,0.0,5.0,4.0,0.0,10.0,0.0,4.0,1.0,0.0,1.0,1.0,1.0,10.0,2.0,3.0,0.0,21.0,1.0,2.0,1.0,13.0,10.0
14,Cerkno,1.0,0.0,0.0,2.0,1.0,0.0,0.0,2.0,10.0,3.0,0.0,14.0,1.0,3.0,0.0,0.0,0.0,3.0,2.0,20.0,2.0,1.0,1.0,8.0,0.0,7.0,0.0,10.0,2.0
140,Vrhnika,1.0,3.0,1.0,6.0,13.0,2.0,1.0,14.0,8.0,8.0,10.0,45.0,0.0,13.0,7.0,1.0,5.0,9.0,3.0,19.0,16.0,1.0,1.0,70.0,11.0,4.0,5.0,48.0,7.0
141,Vuzenica,0.0,0.0,0.0,0.0,0.0,0.0,1.0,0.0,1.0,0.0,0.0,3.0,0.0,0.0,0.0,0.0,0.0,0.0,1.0,5.0,0.0,1.0,0.0,2.0,0.0,1.0,0.0,6.0,1.0
142,Zagorje ob Savi,2.0,2.0,0.0,8.0,4.0,0.0,1.0,2.0,8.0,10.0,2.0,23.0,0.0,3.0,2.0,0.0,0.0,6.0,2.0,34.0,10.0,2.0,0.0,25.0,2.0,7.0,0.0,29.0,1.0
143,Zavrč,0.0,0.0,0.0,0.0,0.0,0.0,1.0,0.0,0.0,0.0,0.0,1.0,0.0,0.0,0.0,0.0,0.0,0.0,0.0,5.0,0.0,0.0,0.0,7.0,0.0,1.0,0.0,6.0,1.0
144,Zreče,0.0,1.0,0.0,2.0,2.0,0.0,0.0,5.0,3.0,5.0,2.0,25.0,0.0,0.0,2.0,0.0,0.0,2.0,1.0,9.0,2.0,1.0,0.0,15.0,0.0,2.0,0.0,19.0,7.0
146,Železniki,1.0,0.0,0.0,0.0,1.0,0.0,1.0,2.0,5.0,3.0,0.0,9.0,0.0,1.0,0.0,0.0,0.0,1.0,0.0,15.0,3.0,1.0,0.0,18.0,1.0,1.0,0.0,13.0,0.0
147,Žiri,0.0,1.0,0.0,0.0,0.0,0.0,1.0,1.0,4.0,3.0,2.0,9.0,0.0,3.0,0.0,0.0,0.0,0.0,0.0,5.0,6.0,1.0,1.0,24.0,3.0,1.0,0.0,19.0,2.0
148,Benedikt,1.0,0.0,0.0,1.0,1.0,0.0,1.0,0.0,1.0,2.0,1.0,7.0,0.0,0.0,1.0,0.0,0.0,3.0,0.0,5.0,1.0,1.0,0.0,7.0,1.0,1.0,0.0,3.0,7.0
149,Bistrica ob Sotli,0.0,0.0,0.0,0.0,1.0,0.0,1.0,0.0,1.0,2.0,0.0,2.0,0.0,0.0,0.0,0.0,0.0,0.0,0.0,8.0,1.0,1.0,0.0,0.0,0.0,1.0,0.0,2.0,0.0
15,Črenšovci,1.0,0.0,0.0,1.0,8.0,1.0,1.0,0.0,6.0,3.0,5.0,9.0,0.0,4.0,2.0,0.0,0.0,6.0,1.0,5.0,3.0,1.0,0.0,13.0,4.0,2.0,0.0,14.0,17.0
150,Bloke,0.0,0.0,0.0,0.0,1.0,0.0,0.0,0.0,2.0,1.0,0.0,5.0,0.0,1.0,0.0,0.0,0.0,1.0,1.0,16.0,1.0,1.0,0.0,3.0,0.0,2.0,0.0,7.0,1.0
151,Braslovče,0.0,0.0,0.0,0.0,0.0,0.0,0.0,1.0,6.0,1.0,1.0,10.0,0.0,0.0,2.0,0.0,0.0,0.0,0.0,9.0,0.0,1.0,1.0,9.0,0.0,2.0,0.0,15.0,5.0
152,Cankova,0.0,0.0,0.0,1.0,2.0,1.0,1.0,0.0,7.0,2.0,3.0,14.0,0.0,0.0,1.0,0.0,0.0,1.0,1.0,5.0,1.0,1.0,0.0,7.0,1.0,1.0,0.0,11.0,1.0
153,Cerkvenjak,0.0,0.0,0.0,1.0,3.0,0.0,1.0,0.0,1.0,0.0,1.0,8.0,0.0,0.0,0.0,0.0,0.0,1.0,0.0,6.0,4.0,1.0,0.0,11.0,0.0,1.0,0.0,6.0,4.0
154,Dobje,0.0,0.0,0.0,0.0,0.0,0.0,0.0,1.0,1.0,0.0,0.0,3.0,0.0,0.0,0.0,0.0,0.0,0.0,0.0,1.0,0.0,0.0,0.0,0.0,0.0,0.0,0.0,0.0,0.0
155,Dobrna,1.0,0.0,0.0,1.0,0.0,0.0,0.0,0.0,1.0,2.0,0.0,1.0,0.0,2.0,1.0,0.0,0.0,0.0,1.0,3.0,0.0,0.0,0.0,2.0,0.0,1.0,0.0,2.0,0.0
156,Dobrovnik,1.0,0.0,0.0,2.0,3.0,0.0,1.0,2.0,3.0,1.0,1.0,7.0,0.0,2.0,1.0,0.0,0.0,0.0,1.0,5.0,2.0,2.0,1.0,8.0,0.0,2.0,0.0,3.0,2.0
157,Dolenjske Toplice,0.0,0.0,0.0,1.0,0.0,0.0,1.0,3.0,4.0,1.0,0.0,14.0,0.0,1.0,0.0,0.0,0.0,0.0,1.0,11.0,0.0,1.0,0.0,16.0,1.0,1.0,0.0,6.0,1.0
158,Grad,0.0,1.0,0.0,1.0,1.0,0.0,1.0,1.0,4.0,1.0,1.0,9.0,0.0,1.0,0.0,0.0,0.0,0.0,1.0,2.0,0.0,2.0,0.0,14.0,0.0,1.0,0.0,10.0,2.0
159,Hajdina,0.0,0.0,0.0,3.0,1.0,1.0,2.0,1.0,2.0,3.0,0.0,8.0,0.0,4.0,0.0,0.0,0.0,1.0,1.0,4.0,4.0,2.0,0.0,20.0,1.0,2.0,0.0,23.0,1.0
16,Črna na Koroškem,0.0,0.0,0.0,1.0,2.0,0.0,1.0,1.0,0.0,1.0,1.0,8.0,0.0,1.0,0.0,0.0,0.0,0.0,0.0,10.0,1.0,1.0,1.0,4.0,0.0,6.0,0.0,10.0,0.0
160,Hoče-Slivnica,0.0,1.0,0.0,4.0,2.0,0.0,2.0,0.0,4.0,9.0,5.0,32.0,0.0,4.0,2.0,0.0,1.0,5.0,1.0,5.0,2.0,3.0,1.0,41.0,6.0,5.0,1.0,36.0,13.0
161,Hodoš,1.0,0.0,0.0,0.0,1.0,0.0,0.0,1.0,1.0,0.0,0.0,1.0,0.0,0.0,1.0,0.0,1.0,0.0,0.0,1.0,1.0,1.0,0.0,4.0,0.0,0.0,1.0,1.0,0.0
162,Horjul,0.0,0.0,0.0,1.0,0.0,0.0,0.0,0.0,5.0,2.0,1.0,6.0,0.0,0.0,1.0,0.0,1.0,2.0,1.0,7.0,1.0,1.0,1.0,12.0,0.0,1.0,1.0,7.0,2.0
163,Jezersko,0.0,0.0,0.0,0.0,0.0,0.0,0.0,2.0,1.0,1.0,0.0,6.0,0.0,1.0,1.0,0.0,0.0,0.0,0.0,4.0,2.0,0.0,0.0,5.0,0.0,0.0,0.0,3.0,0.0
164,Komenda,1.0,0.0,0.0,4.0,4.0,0.0,0.0,0.0,3.0,4.0,1.0,18.0,0.0,1.0,1.0,0.0,0.0,3.0,1.0,4.0,3.0,1.0,1.0,12.0,3.0,2.0,0.0,14.0,9.0
165,Kostel,0.0,0.0,0.0,0.0,0.0,0.0,0.0,0.0,0.0,0.0,0.0,1.0,0.0,0.0,0.0,0.0,0.0,0.0,0.0,10.0,0.0,0.0,0.0,0.0,0.0,1.0,0.0,0.0,0.0
166,Križevci,1.0,2.0,0.0,0.0,4.0,0.0,1.0,0.0,9.0,1.0,4.0,12.0,0.0,6.0,1.0,0.0,1.0,1.0,1.0,11.0,4.0,1.0,0.0,15.0,2.0,1.0,1.0,13.0,11.0
167,Lovrenc na Pohorju,0.0,0.0,0.0,0.0,0.0,0.0,1.0,0.0,1.0,0.0,1.0,7.0,0.0,0.0,1.0,0.0,0.0,0.0,0.0,11.0,0.0,1.0,0.0,21.0,0.0,4.0,0.0,0.0,0.0
168,Markovci,1.0,0.0,0.0,1.0,1.0,1.0,1.0,0.0,7.0,2.0,2.0,11.0,0.0,1.0,1.0,0.0,0.0,1.0,0.0,1.0,5.0,1.0,0.0,18.0,1.0,1.0,0.0,19.0,3.0
169,Miklavž na Dravskem polju,3.0,1.0,0.0,2.0,1.0,0.0,0.0,0.0,1.0,4.0,3.0,13.0,1.0,3.0,2.0,0.0,0.0,4.0,1.0,3.0,3.0,1.0,0.0,28.0,6.0,2.0,0.0,12.0,4.0
17,Črnomelj,1.0,3.0,0.0,5.0,9.0,0.0,0.0,2.0,9.0,10.0,4.0,33.0,0.0,5.0,4.0,1.0,1.0,3.0,1.0,49.0,3.0,5.0,1.0,32.0,2.0,6.0,1.0,26.0,9.0
170,Mirna Peč,1.0,0.0,0.0,0.0,2.0,1.0,1.0,1.0,1.0,0.0,0.0,4.0,0.0,2.0,1.0,0.0,0.0,0.0,1.0,7.0,3.0,0.0,0.0,7.0,1.0,1.0,0.0,6.0,0.0
171,Oplotnica,0.0,0.0,0.0,1.0,0.0,0.0,1.0,0.0,1.0,2.0,1.0,7.0,0.0,0.0,2.0,0.0,0.0,0.0,0.0,7.0,0.0,1.0,0.0,4.0,0.0,1.0,0.0,5.0,6.0
172,Podlehnik,0.0,0.0,0.0,1.0,0.0,1.0,1.0,0.0,1.0,1.0,1.0,5.0,0.0,1.0,1.0,0.0,0.0,0.0,0.0,5.0,2.0,0.0,0.0,11.0,0.0,2.0,0.0,4.0,5.0
173,Polzela,0.0,1.0,0.0,0.0,0.0,0.0,0.0,0.0,1.0,3.0,1.0,6.0,0.0,3.0,1.0,0.0,0.0,0.0,0.0,9.0,1.0,1.0,1.0,3.0,1.0,3.0,0.0,4.0,6.0
174,Prebold,0.0,0.0,0.0,1.0,2.0,0.0,1.0,0.0,3.0,4.0,2.0,4.0,0.0,4.0,1.0,0.0,0.0,3.0,0.0,4.0,2.0,1.0,0.0,7.0,0.0,1.0,0.0,8.0,11.0
175,Prevalje,1.0,0.0,0.0,1.0,1.0,1.0,1.0,1.0,1.0,5.0,3.0,13.0,0.0,10.0,0.0,0.0,1.0,0.0,0.0,9.0,3.0,0.0,0.0,15.0,8.0,1.0,1.0,12.0,6.0
176,Razkrižje,1.0,0.0,0.0,1.0,0.0,0.0,1.0,0.0,1.0,2.0,0.0,8.0,0.0,1.0,0.0,0.0,0.0,1.0,1.0,3.0,2.0,1.0,0.0,8.0,0.0,1.0,0.0,2.0,2.0
177,Ribnica na Pohorju,0.0,0.0,0.0,1.0,0.0,1.0,0.0,1.0,2.0,2.0,0.0,6.0,0.0,0.0,0.0,0.0,0.0,0.0,0.0,3.0,0.0,1.0,0.0,12.0,0.0,2.0,0.0,6.0,0.0
178,Selnica ob Dravi,0.0,0.0,0.0,2.0,0.0,0.0,3.0,1.0,2.0,3.0,1.0,8.0,0.0,0.0,0.0,0.0,0.0,0.0,1.0,6.0,3.0,2.0,0.0,20.0,0.0,3.0,0.0,8.0,6.0
179,Sodražica,0.0,0.0,0.0,1.0,0.0,0.0,0.0,0.0,5.0,2.0,0.0,2.0,0.0,3.0,0.0,0.0,0.0,0.0,0.0,7.0,1.0,1.0,0.0,11.0,0.0,1.0,0.0,1.0,0.0
18,Destrnik,0.0,0.0,0.0,0.0,0.0,0.0,1.0,0.0,2.0,0.0,0.0,4.0,0.0,1.0,1.0,0.0,0.0,0.0,0.0,1.0,3.0,1.0,0.0,26.0,0.0,0.0,0.0,7.0,5.0
180,Solčava,0.0,0.0,0.0,0.0,0.0,0.0,0.0,2.0,1.0,1.0,0.0,14.0,0.0,0.0,0.0,0.0,0.0,0.0,0.0,4.0,0.0,0.0,0.0,6.0,0.0,0.0,0.0,3.0,1.0
181,Sveta Ana,0.0,0.0,0.0,1.0,1.0,0.0,0.0,0.0,1.0,2.0,0.0,5.0,0.0,1.0,0.0,0.0,0.0,0.0,0.0,2.0,0.0,1.0,0.0,8.0,0.0,1.0,0.0,2.0,1.0
182,Sveti Andraž v Slov. goricah,1.0,0.0,0.0,1.0,0.0,0.0,0.0,0.0,1.0,0.0,0.0,2.0,0.0,1.0,1.0,0.0,0.0,0.0,0.0,2.0,2.0,1.0,1.0,6.0,0.0,1.0,0.0,2.0,0.0
183,Šempeter-Vrtojba,2.0,1.0,1.0,1.0,2.0,2.0,1.0,3.0,1.0,9.0,7.0,13.0,1.0,10.0,3.0,0.0,1.0,3.0,2.0,3.0,6.0,1.0,1.0,28.0,8.0,3.0,1.0,17.0,6.0
184,Tabor,0.0,0.0,0.0,0.0,0.0,0.0,0.0,0.0,2.0,0.0,1.0,1.0,0.0,0.0,0.0,0.0,0.0,0.0,0.0,3.0,0.0,0.0,0.0,2.0,0.0,0.0,0.0,0.0,1.0
185,Trnovska vas,1.0,0.0,0.0,1.0,1.0,0.0,1.0,0.0,1.0,1.0,0.0,2.0,0.0,1.0,1.0,0.0,0.0,0.0,0.0,1.0,2.0,1.0,0.0,14.0,0.0,1.0,0.0,4.0,2.0
186,Trzin,1.0,2.0,0.0,3.0,1.0,0.0,1.0,0.0,2.0,2.0,2.0,12.0,0.0,0.0,1.0,0.0,0.0,4.0,0.0,1.0,3.0,1.0,1.0,17.0,4.0,1.0,0.0,7.0,0.0
187,Velika Polana,1.0,0.0,0.0,1.0,3.0,0.0,0.0,1.0,4.0,1.0,1.0,3.0,0.0,13.0,1.0,0.0,1.0,7.0,0.0,3.0,2.0,1.0,0.0,3.0,0.0,1.0,1.0,4.0,4.0
188,Veržej,0.0,0.0,1.0,1.0,0.0,0.0,0.0,0.0,3.0,1.0,3.0,7.0,0.0,7.0,0.0,0.0,2.0,0.0,0.0,2.0,1.0,1.0,0.0,6.0,0.0,1.0,2.0,13.0,11.0
189,Vransko,2.0,1.0,0.0,1.0,2.0,0.0,1.0,5.0,2.0,2.0,0.0,10.0,0.0,12.0,1.0,0.0,2.0,1.0,1.0,7.0,2.0,1.0,1.0,10.0,1.0,0.0,2.0,7.0,8.0
19,Divača,0.0,0.0,0.0,2.0,1.0,0.0,0.0,6.0,2.0,3.0,1.0,21.0,0.0,4.0,1.0,0.0,0.0,3.0,0.0,22.0,11.0,2.0,0.0,14.0,0.0,3.0,0.0,16.0,2.0
190,Žalec,1.0,4.0,1.0,4.0,2.0,0.0,2.0,2.0,9.0,11.0,2.0,35.0,0.0,134.0,2.0,1.0,1.0,9.0,1.0,15.0,6.0,4.0,1.0,35.0,1.0,5.0,1.0,39.0,50.0
191,Žetale,0.0,0.0,0.0,0.0,0.0,0.0,0.0,0.0,1.0,1.0,0.0,0.0,0.0,1.0,1.0,0.0,0.0,0.0,0.0,3.0,1.0,1.0,0.0,2.0,0.0,1.0,0.0,1.0,1.0
192,Žirovnica,0.0,0.0,0.0,0.0,1.0,1.0,1.0,5.0,2.0,3.0,0.0,8.0,0.0,1.0,0.0,0.0,0.0,0.0,1.0,7.0,4.0,1.0,0.0,16.0,0.0,1.0,0.0,7.0,1.0
193,Žužemberk,0.0,0.0,0.0,1.0,0.0,0.0,0.0,1.0,4.0,4.0,2.0,10.0,0.0,1.0,1.0,0.0,0.0,0.0,1.0,26.0,1.0,1.0,0.0,5.0,0.0,9.0,0.0,7.0,2.0
194,Šmartno pri Litiji,1.0,0.0,0.0,1.0,0.0,0.0,0.0,0.0,4.0,2.0,1.0,8.0,0.0,0.0,1.0,0.0,0.0,0.0,0.0,13.0,0.0,1.0,1.0,5.0,0.0,2.0,0.0,6.0,0.0
195,Apače,2.0,1.0,0.0,1.0,3.0,0.0,0.0,0.0,4.0,2.0,2.0,9.0,0.0,0.0,1.0,0.0,0.0,1.0,1.0,7.0,4.0,1.0,0.0,22.0,1.0,2.0,0.0,15.0,2.0
196,Cirkulane,1.0,0.0,0.0,0.0,0.0,0.0,1.0,0.0,0.0,0.0,0.0,0.0,0.0,0.0,0.0,0.0,0.0,0.0,0.0,4.0,0.0,0.0,0.0,3.0,0.0,1.0,0.0,4.0,1.0
197,Kostanjevica na Krki,1.0,0.0,0.0,1.0,2.0,0.0,1.0,0.0,2.0,1.0,0.0,6.0,0.0,2.0,1.0,0.0,0.0,0.0,1.0,9.0,0.0,1.0,0.0,4.0,0.0,1.0,0.0,5.0,0.0
198,Makole,1.0,0.0,0.0,0.0,1.0,1.0,2.0,0.0,1.0,1.0,0.0,4.0,0.0,1.0,0.0,0.0,0.0,0.0,1.0,4.0,2.0,1.0,0.0,3.0,0.0,1.0,0.0,4.0,0.0
199,Mokronog-Trebelno,0.0,0.0,0.0,0.0,0.0,0.0,0.0,0.0,2.0,2.0,0.0,3.0,0.0,0.0,0.0,0.0,0.0,0.0,0.0,16.0,0.0,1.0,0.0,2.0,1.0,0.0,0.0,3.0,0.0
2,Beltinci,5.0,1.0,0.0,4.0,9.0,0.0,1.0,0.0,8.0,6.0,4.0,34.0,0.0,8.0,6.0,0.0,1.0,5.0,1.0,10.0,4.0,1.0,1.0,36.0,6.0,2.0,1.0,26.0,41.0
20,Dobrepolje,0.0,0.0,0.0,0.0,0.0,0.0,0.0,1.0,3.0,2.0,2.0,7.0,0.0,1.0,2.0,0.0,0.0,0.0,2.0,10.0,2.0,1.0,1.0,30.0,1.0,3.0,0.0,9.0,0.0
200,Poljčane,0.0,1.0,0.0,2.0,0.0,0.0,0.0,0.0,1.0,2.0,1.0,5.0,1.0,0.0,2.0,0.0,1.0,3.0,0.0,4.0,2.0,1.0,0.0,6.0,1.0,1.0,1.0,9.0,1.0
201,Renče-Vogrsko,3.0,0.0,0.0,2.0,6.0,2.0,2.0,3.0,1.0,2.0,2.0,5.0,0.0,5.0,3.0,0.0,1.0,2.0,1.0,3.0,2.0,3.0,1.0,16.0,0.0,3.0,1.0,6.0,6.0
202,Središče ob Dravi,1.0,1.0,0.0,1.0,0.0,0.0,0.0,1.0,1.0,2.0,2.0,3.0,0.0,2.0,0.0,0.0,0.0,0.0,1.0,2.0,2.0,1.0,0.0,10.0,0.0,0.0,0.0,8.0,2.0
203,Straža,0.0,0.0,0.0,0.0,0.0,0.0,1.0,0.0,1.0,2.0,2.0,10.0,0.0,0.0,0.0,0.0,0.0,0.0,1.0,5.0,0.0,1.0,0.0,24.0,0.0,1.0,0.0,2.0,0.0
204,Sveta Trojica v Slovenskih goricah,0.0,0.0,0.0,1.0,0.0,0.0,0.0,0.0,2.0,1.0,0.0,7.0,0.0,2.0,1.0,0.0,0.0,0.0,0.0,2.0,0.0,1.0,0.0,11.0,0.0,1.0,0.0,6.0,5.0
205,Sveti Tomaž,0.0,0.0,0.0,0.0,0.0,0.0,0.0,0.0,2.0,0.0,0.0,4.0,0.0,4.0,0.0,0.0,0.0,0.0,0.0,3.0,0.0,1.0,0.0,4.0,0.0,1.0,0.0,3.0,0.0
206,Šmarješke Toplice,0.0,0.0,0.0,0.0,1.0,0.0,0.0,1.0,1.0,1.0,0.0,4.0,0.0,3.0,0.0,0.0,0.0,0.0,0.0,11.0,0.0,0.0,0.0,9.0,0.0,0.0,0.0,7.0,4.0
207,Gorje,0.0,0.0,0.0,1.0,0.0,0.0,0.0,0.0,2.0,2.0,1.0,8.0,0.0,0.0,0.0,0.0,0.0,0.0,0.0,3.0,1.0,1.0,0.0,12.0,0.0,2.0,0.0,6.0,0.0
208,Log-Dragomer,0.0,0.0,0.0,1.0,1.0,1.0,0.0,0.0,2.0,1.0,2.0,5.0,1.0,0.0,0.0,0.0,0.0,2.0,1.0,2.0,1.0,1.0,0.0,6.0,0.0,2.0,0.0,12.0,1.0
209,Rečica ob Savinji,0.0,0.0,0.0,2.0,1.0,0.0,0.0,0.0,2.0,1.0,1.0,7.0,0.0,0.0,0.0,0.0,0.0,0.0,0.0,2.0,5.0,0.0,1.0,6.0,0.0,0.0,0.0,16.0,1.0
21,Dobrova-Polhov Gradec,0.0,0.0,0.0,1.0,0.0,1.0,1.0,2.0,8.0,1.0,1.0,16.0,0.0,4.0,1.0,0.0,0.0,0.0,1.0,22.0,3.0,2.0,3.0,90.0,1.0,2.0,0.0,18.0,8.0
210,Sveti Jurij v Slovenskih goricah,0.0,0.0,0.0,0.0,0.0,0.0,0.0,0.0,0.0,0.0,0.0,1.0,0.0,0.0,0.0,0.0,0.0,0.0,0.0,1.0,0.0,1.0,0.0,1.0,0.0,0.0,0.0,5.0,0.0
211,Šentrupert,0.0,0.0,0.0,1.0,1.0,0.0,0.0,1.0,1.0,1.0,1.0,2.0,0.0,0.0,1.0,0.0,0.0,0.0,0.0,6.0,3.0,1.0,0.0,4.0,0.0,0.0,0.0,6.0,2.0
212,Mirna,0.0,0.0,0.0,1.0,0.0,0.0,0.0,0.0,1.0,0.0,0.0,2.0,0.0,0.0,0.0,0.0,0.0,0.0,1.0,6.0,3.0,0.0,0.0,6.0,0.0,3.0,0.0,12.0,0.0
213,Ankaran,1.0,1.0,0.0,2.0,0.0,0.0,0.0,0.0,0.0,3.0,1.0,10.0,0.0,9.0,1.0,0.0,0.0,1.0,1.0,2.0,4.0,1.0,0.0,15.0,0.0,1.0,0.0,16.0,14.0
22,Dol pri Ljubljani,1.0,0.0,0.0,0.0,0.0,0.0,0.0,0.0,7.0,3.0,1.0,10.0,0.0,3.0,2.0,1.0,0.0,6.0,2.0,8.0,1.0,1.0,2.0,26.0,0.0,4.0,0.0,10.0,3.0
23,Domžale,1.0,3.0,1.0,6.0,2.0,1.0,1.0,5.0,9.0,14.0,8.0,45.0,0.0,30.0,12.0,1.0,1.0,20.0,4.0,16.0,35.0,5.0,1.0,93.0,13.0,12.0,1.0,100.0,12.0
24,Dornava,0.0,0.0,0.0,1.0,1.0,1.0,2.0,0.0,5.0,1.0,3.0,5.0,0.0,8.0,0.0,1.0,1.0,0.0,1.0,2.0,4.0,2.0,0.0,9.0,1.0,1.0,1.0,7.0,4.0
25,Dravograd,1.0,0.0,0.0,1.0,1.0,0.0,0.0,1.0,3.0,9.0,4.0,12.0,1.0,1.0,3.0,0.0,1.0,0.0,1.0,18.0,4.0,3.0,1.0,21.0,1.0,3.0,1.0,24.0,0.0
26,Duplek,0.0,0.0,0.0,0.0,0.0,0.0,0.0,0.0,2.0,2.0,2.0,7.0,0.0,3.0,0.0,0.0,0.0,0.0,1.0,5.0,2.0,2.0,0.0,25.0,1.0,4.0,0.0,10.0,10.0
27,Gorenja vas-Poljane,0.0,1.0,1.0,0.0,1.0,0.0,0.0,1.0,5.0,4.0,1.0,15.0,0.0,1.0,1.0,0.0,1.0,2.0,0.0,17.0,8.0,2.0,0.0,31.0,1.0,2.0,1.0,10.0,4.0
28,Gorišnica,0.0,1.0,0.0,2.0,0.0,1.0,0.0,0.0,8.0,2.0,2.0,10.0,0.0,4.0,0.0,0.0,1.0,2.0,1.0,2.0,1.0,1.0,0.0,13.0,2.0,1.0,1.0,15.0,8.0
29,Gornja Radgona,0.0,4.0,0.0,7.0,9.0,0.0,1.0,3.0,9.0,8.0,5.0,31.0,0.0,7.0,2.0,0.0,1.0,4.0,2.0,5.0,4.0,2.0,0.0,21.0,10.0,2.0,1.0,26.0,11.0
3,Bled,0.0,2.0,1.0,9.0,5.0,0.0,0.0,2.0,5.0,10.0,5.0,81.0,1.0,5.0,0.0,0.0,0.0,2.0,1.0,17.0,8.0,2.0,0.0,44.0,4.0,2.0,0.0,14.0,9.0
30,Gornji Grad,0.0,1.0,0.0,0.0,1.0,1.0,1.0,0.0,3.0,1.0,1.0,7.0,0.0,1.0,1.0,0.0,2.0,0.0,1.0,9.0,2.0,1.0,0.0,8.0,0.0,1.0,2.0,8.0,0.0
31,Gornji Petrovci,1.0,0.0,0.0,1.0,3.0,1.0,1.0,0.0,15.0,1.0,0.0,8.0,0.0,3.0,1.0,0.0,0.0,1.0,1.0,6.0,0.0,1.0,0.0,30.0,0.0,1.0,0.0,15.0,5.0
32,Grosuplje,0.0,5.0,0.0,9.0,4.0,2.0,1.0,1.0,11.0,11.0,7.0,35.0,0.0,4.0,3.0,0.0,0.0,7.0,5.0,31.0,10.0,2.0,1.0,138.0,2.0,10.0,0.0,42.0,3.0
33,Šalovci,1.0,0.0,0.0,0.0,2.0,0.0,0.0,1.0,5.0,2.0,0.0,5.0,0.0,2.0,1.0,0.0,0.0,1.0,0.0,4.0,0.0,1.0,0.0,19.0,1.0,3.0,0.0,13.0,1.0
34,Hrastnik,0.0,1.0,0.0,4.0,0.0,0.0,1.0,0.0,3.0,3.0,1.0,6.0,0.0,7.0,1.0,0.0,1.0,0.0,0.0,6.0,9.0,2.0,1.0,26.0,0.0,3.0,1.0,20.0,0.0
35,Hrpelje-Kozina,0.0,2.0,0.0,1.0,5.0,1.0,0.0,0.0,1.0,6.0,3.0,29.0,0.0,3.0,0.0,0.0,1.0,2.0,1.0,30.0,7.0,2.0,1.0,23.0,2.0,2.0,1.0,17.0,3.0
36,Idrija,0.0,6.0,1.0,6.0,5.0,0.0,1.0,8.0,9.0,12.0,2.0,28.0,0.0,112.0,4.0,0.0,3.0,6.0,2.0,16.0,7.0,3.0,3.0,38.0,5.0,6.0,3.0,32.0,16.0
37,Ig,4.0,0.0,0.0,3.0,0.0,0.0,0.0,2.0,9.0,3.0,1.0,12.0,0.0,2.0,3.0,0.0,1.0,0.0,1.0,17.0,11.0,1.0,1.0,72.0,1.0,4.0,1.0,10.0,9.0
38,Ilirska Bistrica,22.0,2.0,2.0,3.0,13.0,1.0,3.0,12.0,6.0,12.0,9.0,42.0,0.0,33.0,2.0,2.0,2.0,4.0,3.0,66.0,22.0,5.0,1.0,22.0,16.0,5.0,2.0,54.0,1.0
39,Ivančna Gorica,2.0,1.0,1.0,1.0,1.0,1.0,0.0,4.0,9.0,8.0,2.0,27.0,0.0,5.0,1.0,0.0,0.0,3.0,1.0,48.0,6.0,2.0,0.0,105.0,2.0,4.0,0.0,24.0,2.0
4,Bohinj,1.0,2.0,1.0,6.0,3.0,0.0,0.0,6.0,10.0,7.0,4.0,53.0,1.0,4.0,1.0,0.0,1.0,0.0,1.0,13.0,16.0,3.0,1.0,49.0,2.0,2.0,1.0,29.0,1.0
40,Izola,2.0,3.0,2.0,9.0,4.0,0.0,1.0,7.0,2.0,11.0,6.0,72.0,1.0,22.0,2.0,1.0,5.0,0.0,3.0,12.0,14.0,2.0,1.0,44.0,7.0,12.0,5.0,29.0,38.0
41,Jesenice,0.0,2.0,0.0,2.0,2.0,0.0,0.0,3.0,7.0,14.0,3.0,28.0,2.0,6.0,1.0,0.0,1.0,3.0,2.0,6.0,4.0,2.0,0.0,86.0,5.0,6.0,1.0,22.0,3.0
42,Juršinci,0.0,0.0,0.0,1.0,0.0,0.0,1.0,4.0,4.0,1.0,3.0,4.0,0.0,3.0,0.0,0.0,1.0,1.0,1.0,2.0,1.0,1.0,0.0,12.0,0.0,1.0,1.0,5.0,0.0
43,Kamnik,2.0,4.0,2.0,8.0,4.0,0.0,0.0,7.0,8.0,16.0,6.0,64.0,0.0,29.0,8.0,0.0,0.0,12.0,4.0,39.0,23.0,6.0,0.0,131.0,13.0,11.0,0.0,47.0,11.0
44,Kanal,1.0,0.0,0.0,3.0,0.0,0.0,2.0,2.0,3.0,3.0,1.0,16.0,1.0,2.0,1.0,0.0,0.0,1.0,1.0,26.0,3.0,3.0,2.0,36.0,0.0,3.0,0.0,22.0,0.0
45,Kidričevo,2.0,1.0,0.0,3.0,4.0,0.0,2.0,2.0,5.0,6.0,1.0,21.0,0.0,6.0,2.0,0.0,2.0,1.0,1.0,13.0,2.0,3.0,0.0,29.0,3.0,2.0,1.0,26.0,7.0
46,Kobarid,0.0,2.0,1.0,1.0,1.0,1.0,2.0,13.0,5.0,8.0,0.0,29.0,1.0,2.0,0.0,0.0,0.0,2.0,1.0,30.0,12.0,2.0,1.0,12.0,3.0,3.0,0.0,27.0,3.0
47,Kobilje,0.0,0.0,0.0,0.0,1.0,0.0,0.0,0.0,1.0,1.0,0.0,1.0,0.0,0.0,0.0,0.0,0.0,0.0,0.0,1.0,0.0,1.0,0.0,1.0,0.0,1.0,0.0,2.0,0.0
48,Kočevje,2.0,1.0,0.0,2.0,1.0,0.0,1.0,3.0,6.0,9.0,3.0,22.0,1.0,4.0,3.0,2.0,1.0,9.0,1.0,24.0,4.0,1.0,1.0,22.0,7.0,8.0,1.0,29.0,1.0
49,Komen,0.0,0.0,0.0,2.0,2.0,1.0,0.0,2.0,1.0,6.0,3.0,11.0,0.0,7.0,1.0,0.0,1.0,2.0,1.0,15.0,4.0,2.0,0.0,17.0,0.0,0.0,1.0,24.0,11.0
5,Borovnica,0.0,0.0,0.0,1.0,3.0,1.0,0.0,1.0,3.0,3.0,1.0,5.0,1.0,1.0,2.0,0.0,1.0,4.0,1.0,4.0,6.0,1.0,1.0,17.0,0.0,1.0,1.0,7.0,2.0
50,Koper,6.0,9.0,2.0,14.0,12.0,0.0,2.0,10.0,6.0,35.0,10.0,160.0,1.0,35.0,7.0,2.0,3.0,4.0,7.0,83.0,37.0,7.0,5.0,327.0,50.0,14.0,3.0,106.0,62.0
51,Kozje,0.0,0.0,0.0,1.0,0.0,0.0,0.0,2.0,3.0,2.0,0.0,2.0,0.0,6.0,0.0,0.0,0.0,0.0,1.0,12.0,9.0,0.0,0.0,8.0,0.0,3.0,0.0,18.0,0.0
52,Kranj,5.0,8.0,3.0,26.0,16.0,5.0,1.0,6.0,11.0,27.0,19.0,95.0,4.0,26.0,11.0,5.0,0.0,7.0,5.0,38.0,18.0,6.0,2.0,267.0,26.0,20.0,0.0,123.0,9.0
53,Kranjska Gora,1.0,1.0,2.0,7.0,2.0,0.0,0.0,5.0,6.0,7.0,2.0,68.0,1.0,17.0,2.0,0.0,1.0,0.0,1.0,15.0,17.0,3.0,0.0,62.0,4.0,2.0,1.0,42.0,3.0
54,Krško,1.0,6.0,2.0,10.0,6.0,0.0,0.0,4.0,17.0,17.0,3.0,55.0,1.0,17.0,2.0,2.0,2.0,2.0,2.0,51.0,13.0,3.0,1.0,66.0,23.0,14.0,2.0,61.0,8.0
55,Kungota,0.0,0.0,0.0,1.0,5.0,0.0,1.0,1.0,2.0,4.0,4.0,19.0,0.0,2.0,3.0,0.0,0.0,1.0,1.0,5.0,3.0,1.0,0.0,30.0,1.0,3.0,0.0,17.0,26.0
56,Kuzma,0.0,0.0,0.0,0.0,0.0,0.0,0.0,0.0,1.0,1.0,0.0,7.0,0.0,1.0,0.0,0.0,1.0,0.0,0.0,2.0,3.0,1.0,0.0,3.0,0.0,1.0,1.0,11.0,1.0
57,Laško,0.0,0.0,0.0,2.0,1.0,0.0,2.0,2.0,2.0,7.0,0.0,18.0,0.0,4.0,1.0,0.0,1.0,0.0,4.0,21.0,4.0,2.0,1.0,11.0,2.0,6.0,1.0,17.0,19.0
58,Lenart,1.0,1.0,0.0,4.0,9.0,0.0,1.0,3.0,3.0,10.0,2.0,37.0,0.0,5.0,2.0,0.0,4.0,3.0,2.0,5.0,1.0,5.0,1.0,21.0,16.0,5.0,4.0,14.0,15.0
59,Lendava,10.0,5.0,1.0,5.0,11.0,1.0,1.0,5.0,11.0,13.0,5.0,49.0,1.0,17.0,7.0,1.0,2.0,6.0,5.0,20.0,13.0,3.0,4.0,58.0,21.0,5.0,2.0,32.0,26.0
6,Bovec,0.0,0.0,0.0,8.0,2.0,0.0,0.0,6.0,5.0,7.0,3.0,47.0,0.0,11.0,0.0,0.0,0.0,0.0,1.0,17.0,10.0,1.0,1.0,43.0,1.0,3.0,0.0,33.0,4.0
60,Litija,1.0,0.0,1.0,6.0,3.0,0.0,1.0,4.0,9.0,11.0,4.0,23.0,0.0,4.0,2.0,0.0,1.0,11.0,2.0,35.0,4.0,4.0,2.0,23.0,4.0,7.0,1.0,27.0,5.0
61,Ljubljana,14.0,57.0,38.0,123.0,151.0,25.0,13.0,69.0,34.0,183.0,126.0,965.0,31.0,338.0,61.0,4.0,8.0,275.0,50.0,76.0,273.0,33.0,25.0,820.0,214.0,80.0,7.0,567.0,63.0
62,Ljubno,0.0,0.0,0.0,0.0,0.0,0.0,0.0,1.0,3.0,3.0,1.0,8.0,0.0,0.0,1.0,0.0,0.0,1.0,0.0,8.0,2.0,1.0,1.0,9.0,0.0,0.0,0.0,11.0,0.0
63,Ljutomer,1.0,3.0,1.0,3.0,14.0,0.0,1.0,2.0,17.0,14.0,6.0,55.0,0.0,4.0,3.0,0.0,2.0,3.0,1.0,18.0,5.0,2.0,1.0,37.0,16.0,8.0,2.0,29.0,13.0
64,Logatec,3.0,3.0,1.0,4.0,2.0,1.0,1.0,2.0,6.0,7.0,4.0,23.0,0.0,0.0,2.0,1.0,1.0,3.0,1.0,17.0,4.0,2.0,1.0,46.0,4.0,4.0,1.0,19.0,2.0
65,Loška dolina,0.0,1.0,0.0,0.0,1.0,0.0,1.0,2.0,3.0,3.0,1.0,5.0,0.0,1.0,1.0,0.0,0.0,2.0,1.0,22.0,1.0,1.0,0.0,18.0,1.0,2.0,0.0,5.0,0.0
66,Loški Potok,1.0,0.0,0.0,0.0,0.0,0.0,0.0,1.0,2.0,1.0,0.0,0.0,0.0,0.0,0.0,0.0,0.0,0.0,0.0,9.0,1.0,1.0,0.0,0.0,0.0,0.0,0.0,2.0,0.0
67,Luče,0.0,0.0,0.0,1.0,1.0,0.0,0.0,1.0,1.0,1.0,1.0,10.0,0.0,1.0,0.0,0.0,0.0,0.0,0.0,4.0,1.0,1.0,0.0,6.0,0.0,0.0,0.0,7.0,0.0
68,Lukovica,0.0,0.0,0.0,3.0,1.0,0.0,0.0,0.0,3.0,2.0,4.0,14.0,0.0,2.0,1.0,0.0,0.0,3.0,1.0,14.0,2.0,2.0,0.0,19.0,0.0,2.0,0.0,10.0,3.0
69,Majšperk,1.0,0.0,0.0,0.0,2.0,0.0,0.0,1.0,3.0,4.0,2.0,14.0,0.0,4.0,0.0,0.0,0.0,0.0,1.0,7.0,2.0,3.0,0.0,16.0,0.0,4.0,0.0,10.0,1.0
7,Brda,1.0,1.0,0.0,0.0,0.0,0.0,2.0,1.0,1.0,7.0,3.0,22.0,0.0,1.0,0.0,0.0,1.0,0.0,1.0,27.0,1.0,2.0,0.0,5.0,0.0,0.0,1.0,12.0,22.0
70,Maribor,17.0,26.0,14.0,60.0,106.0,19.0,12.0,21.0,13.0,79.0,54.0,429.0,6.0,77.0,37.0,1.0,12.0,51.0,21.0,39.0,53.0,19.0,10.0,500.0,162.0,51.0,12.0,208.0,51.0
71,Medvode,15.0,1.0,1.0,5.0,7.0,1.0,0.0,4.0,7.0,11.0,2.0,42.0,0.0,10.0,5.0,1.0,3.0,5.0,1.0,23.0,20.0,2.0,0.0,73.0,10.0,7.0,3.0,51.0,18.0
72,Mengeš,0.0,1.0,0.0,4.0,1.0,0.0,0.0,2.0,3.0,2.0,1.0,15.0,0.0,3.0,0.0,0.0,1.0,5.0,1.0,2.0,4.0,1.0,1.0,11.0,1.0,1.0,1.0,15.0,3.0
73,Metlika,1.0,2.0,0.0,3.0,2.0,0.0,1.0,1.0,7.0,5.0,2.0,21.0,0.0,9.0,1.0,0.0,2.0,0.0,1.0,25.0,1.0,1.0,1.0,15.0,4.0,0.0,2.0,17.0,6.0
74,Mežica,0.0,1.0,0.0,1.0,1.0,0.0,1.0,2.0,1.0,2.0,1.0,9.0,0.0,1.0,1.0,0.0,0.0,2.0,1.0,2.0,1.0,1.0,0.0,12.0,1.0,5.0,0.0,3.0,0.0
75,Miren-Kostanjevica,3.0,0.0,0.0,3.0,4.0,4.0,4.0,5.0,1.0,4.0,2.0,15.0,0.0,24.0,3.0,0.0,1.0,2.0,1.0,12.0,8.0,2.0,2.0,25.0,1.0,3.0,1.0,31.0,21.0
76,Mislinja,0.0,0.0,0.0,2.0,1.0,0.0,0.0,2.0,3.0,1.0,1.0,11.0,0.0,14.0,0.0,0.0,0.0,0.0,0.0,9.0,3.0,1.0,0.0,11.0,2.0,5.0,0.0,23.0,0.0
77,Moravče,1.0,0.0,0.0,1.0,2.0,0.0,0.0,1.0,3.0,3.0,1.0,8.0,0.0,6.0,2.0,0.0,0.0,2.0,1.0,12.0,3.0,1.0,1.0,11.0,1.0,1.0,0.0,6.0,9.0
78,Moravske Toplice,3.0,0.0,1.0,4.0,7.0,0.0,2.0,2.0,26.0,6.0,2.0,33.0,0.0,17.0,5.0,0.0,0.0,1.0,2.0,23.0,9.0,2.0,0.0,54.0,3.0,4.0,0.0,33.0,23.0
79,Mozirje,0.0,1.0,0.0,1.0,0.0,0.0,1.0,0.0,2.0,5.0,2.0,9.0,0.0,3.0,1.0,0.0,0.0,0.0,1.0,7.0,2.0,1.0,1.0,4.0,2.0,2.0,0.0,12.0,1.0
8,Brezovica,2.0,0.0,0.0,5.0,4.0,0.0,1.0,0.0,7.0,6.0,1.0,28.0,0.0,0.0,4.0,0.0,1.0,13.0,3.0,13.0,10.0,3.0,4.0,57.0,3.0,5.0,1.0,18.0,12.0
80,Murska Sobota,5.0,10.0,7.0,21.0,34.0,5.0,10.0,5.0,11.0,25.0,18.0,116.0,1.0,12.0,10.0,1.0,6.0,14.0,5.0,11.0,27.0,6.0,4.0,110.0,43.0,12.0,6.0,67.0,34.0
81,Muta,0.0,1.0,0.0,1.0,1.0,0.0,1.0,1.0,2.0,4.0,0.0,11.0,0.0,1.0,0.0,0.0,0.0,1.0,0.0,7.0,1.0,1.0,1.0,13.0,0.0,4.0,0.0,2.0,2.0
82,Naklo,0.0,0.0,1.0,1.0,1.0,0.0,0.0,1.0,2.0,2.0,5.0,16.0,0.0,1.0,1.0,0.0,2.0,2.0,1.0,7.0,3.0,1.0,1.0,24.0,1.0,5.0,2.0,12.0,2.0
83,Nazarje,0.0,0.0,0.0,1.0,0.0,0.0,0.0,1.0,2.0,2.0,0.0,2.0,0.0,0.0,1.0,0.0,0.0,0.0,0.0,7.0,0.0,0.0,0.0,2.0,0.0,1.0,0.0,9.0,1.0
84,Nova Gorica,5.0,7.0,2.0,19.0,11.0,4.0,11.0,14.0,4.0,25.0,17.0,104.0,3.0,26.0,7.0,2.0,9.0,5.0,5.0,34.0,27.0,9.0,5.0,170.0,24.0,13.0,9.0,101.0,104.0
85,Novo mesto,2.0,5.0,3.0,8.0,1.0,0.0,2.0,3.0,5.0,17.0,5.0,50.0,0.0,72.0,5.0,0.0,1.0,11.0,2.0,37.0,36.0,1.0,1.0,154.0,12.0,14.0,1.0,70.0,3.0
86,Odranci,0.0,0.0,0.0,1.0,3.0,0.0,0.0,0.0,1.0,1.0,1.0,6.0,0.0,3.0,1.0,0.0,1.0,1.0,0.0,2.0,2.0,3.0,0.0,5.0,1.0,1.0,1.0,5.0,3.0
87,Ormož,2.0,2.0,0.0,2.0,4.0,1.0,1.0,4.0,9.0,12.0,0.0,27.0,0.0,6.0,3.0,1.0,1.0,3.0,2.0,14.0,3.0,4.0,1.0,54.0,8.0,9.0,1.0,30.0,5.0
88,Osilnica,0.0,0.0,0.0,1.0,0.0,0.0,0.0,0.0,0.0,1.0,0.0,1.0,0.0,0.0,0.0,0.0,0.0,0.0,0.0,6.0,0.0,1.0,0.0,0.0,0.0,0.0,0.0,2.0,0.0
89,Pesnica,1.0,0.0,0.0,5.0,5.0,1.0,2.0,1.0,3.0,4.0,2.0,16.0,0.0,1.0,1.0,0.0,1.0,1.0,0.0,5.0,8.0,3.0,0.0,41.0,2.0,4.0,1.0,23.0,14.0
9,Brežice,2.0,5.0,1.0,6.0,5.0,0.0,0.0,3.0,16.0,18.0,10.0,65.0,0.0,12.0,1.0,1.0,3.0,2.0,4.0,36.0,12.0,6.0,2.0,60.0,5.0,9.0,3.0,54.0,23.0
90,Piran,0.0,4.0,2.0,10.0,13.0,3.0,2.0,11.0,3.0,19.0,9.0,130.0,1.0,37.0,5.0,0.0,1.0,6.0,3.0,23.0,20.0,5.0,2.0,74.0,15.0,13.0,1.0,50.0,96.0
91,Pivka,1.0,2.0,1.0,3.0,5.0,0.0,1.0,10.0,4.0,6.0,6.0,20.0,0.0,2.0,2.0,0.0,0.0,1.0,1.0,31.0,13.0,2.0,0.0,17.0,3.0,3.0,0.0,21.0,0.0
92,Podčetrtek,1.0,1.0,0.0,2.0,1.0,0.0,0.0,0.0,2.0,5.0,2.0,15.0,0.0,3.0,1.0,0.0,0.0,0.0,2.0,15.0,6.0,2.0,1.0,26.0,0.0,2.0,0.0,12.0,8.0
93,Podvelka,0.0,1.0,0.0,0.0,0.0,0.0,1.0,1.0,3.0,5.0,1.0,7.0,0.0,0.0,0.0,0.0,0.0,0.0,1.0,7.0,2.0,3.0,0.0,16.0,0.0,6.0,0.0,7.0,0.0
94,Postojna,3.0,6.0,1.0,12.0,15.0,2.0,0.0,7.0,7.0,11.0,12.0,70.0,0.0,16.0,3.0,1.0,5.0,6.0,3.0,40.0,65.0,5.0,1.0,64.0,22.0,7.0,5.0,84.0,5.0
95,Preddvor,0.0,0.0,0.0,1.0,0.0,0.0,1.0,2.0,1.0,1.0,1.0,6.0,0.0,3.0,1.0,0.0,0.0,0.0,1.0,10.0,4.0,1.0,1.0,23.0,0.0,1.0,0.0,9.0,8.0
96,Ptuj,12.0,11.0,4.0,24.0,25.0,2.0,15.0,21.0,12.0,19.0,20.0,94.0,0.0,74.0,8.0,4.0,7.0,12.0,6.0,9.0,39.0,4.0,1.0,93.0,53.0,15.0,7.0,96.0,76.0
97,Puconci,2.0,0.0,0.0,2.0,7.0,1.0,1.0,0.0,17.0,4.0,2.0,20.0,0.0,5.0,2.0,0.0,1.0,0.0,1.0,8.0,1.0,3.0,0.0,50.0,1.0,3.0,1.0,37.0,8.0
98,Rače-Fram,0.0,0.0,0.0,4.0,3.0,1.0,1.0,0.0,2.0,5.0,4.0,20.0,0.0,3.0,1.0,0.0,0.0,2.0,1.0,5.0,4.0,2.0,0.0,15.0,4.0,2.0,0.0,17.0,8.0
99,Radeče,1.0,1.0,0.0,2.0,1.0,1.0,1.0,1.0,2.0,4.0,1.0,5.0,0.0,3.0,2.0,1.0,0.0,0.0,1.0,11.0,2.0,1.0,1.0,3.0,1.0,1.0,0.0,8.0,1.0
