sifra_obcine,population,adult_education_centers,bank_branches,bicycle_shops,cash_machines,commercial_services,dental_practices,doctors_surgeries,entertainment_culture,firefighters,food_supply_main,food_supply_other,gastronomy,general_specialist_practices,green_open_space,kindergartens,music_schools,nursing_homes,parcel_lockers,pharmacies,places_of_worship,playgrounds,post_offices,public_libraries,public_transport_stops,retail,schools,senior_meeting_places,sports_facilities,swimming_facilities
1,19977,7.0,4.0,3.0,3.0,4.0,0.0,0.0,1.0,6.0,11.0,9.0,37.0,2.0,15.0,3.0,1.0,2.0,15.0,2.0,42.0,19.0,4.0,3.0,44.0,6.0,10.0,2.0,64.0,52.0
213,3444,1.0,1.0,0.0,2.0,0.0,0.0,0.0,0.0,0.0,3.0,1.0,10.0,0.0,9.0,1.0,0.0,0.0,1.0,1.0,2.0,4.0,1.0,0.0,15.0,0.0,1.0,0.0,16.0,14.0
195,3562,2.0,1.0,0.0,1.0,3.0,0.0,0.0,0.0,4.0,2.0,2.0,9.0,0.0,0.0,1.0,0.0,0.0,1.0,1.0,7.0,4.0,1.0,0.0,22.0,1.0,2.0,0.0,15.0,2.0
2,8078,5.0,1.0,0.0,4.0,9.0,0.0,1.0,0.0,8.0,6.0,4.0,34.0,0.0,8.0,6.0,0.0,1.0,5.0,1.0,10.0,4.0,1.0,1.0,36.0,6.0,2.0,1.0,26.0,41.0
148,2727,1.0,0.0,0.0,1.0,1.0,0.0,1.0,0.0,1.0,2.0,1.0,7.0,0.0,0.0,1.0,0.0,0.0,3.0,0.0,5.0,1.0,1.0,0.0,7.0,1.0,1.0,0.0,3.0,7.0
149,1334,0.0,0.0,0.0,0.0,1.0,0.0,1.0,0.0,1.0,2.0,0.0,2.0,0.0,0.0,0.0,0.0,0.0,0.0,0.0,8.0,1.0,1.0,0.0,0.0,0.0,1.0,0.0,2.0,0.0
3,8103,0.0,2.0,1.0,9.0,5.0,0.0,0.0,2.0,5.0,10.0,5.0,81.0,1.0,5.0,0.0,0.0,0.0,2.0,1.0,17.0,8.0,2.0,0.0,44.0,4.0,2.0,0.0,14.0,9.0
150,1563,0.0,0.0,0.0,0.0,1.0,0.0,0.0,0.0,2.0,1.0,0.0,5.0,0.0,1.0,0.0,0.0,0.0,1.0,1.0,16.0,1.0,1.0,0.0,3.0,0.0,2.0,0.0,7.0,1.0
4,5216,1.0,2.0,1.0,6.0,3.0,0.0,0.0,6.0,10.0,7.0,4.0,53.0,1.0,4.0,1.0,0.0,1.0,0.0,1.0,13.0,16.0,3.0,1.0,49.0,2.0,2.0,1.0,29.0,1.0
5,4688,0.0,0.0,0.0,1.0,3.0,1.0,0.0,1.0,3.0,3.0,1.0,5.0,1.0,1.0,2.0,0.0,1.0,4.0,1.0,4.0,6.0,1.0,1.0,17.0,0.0,1.0,1.0,7.0,2.0
6,3052,0.0,0.0,0.0,8.0,2.0,0.0,0.0,6.0,5.0,7.0,3.0,47.0,0.0,11.0,0.0,0.0,0.0,0.0,1.0,17.0,10.0,1.0,1.0,43.0,1.0,3.0,0.0,33.0,4.0
151,5908,0.0,0.0,0.0,0.0,0.0,0.0,0.0,1.0,6.0,1.0,1.0,10.0,0.0,0.0,2.0,0.0,0.0,0.0,0.0,9.0,0.0,1.0,1.0,9.0,0.0,2.0,0.0,15.0,5.0
7,5564,1.0,1.0,0.0,0.0,0.0,0.0,2.0,1.0,1.0,7.0,3.0,22.0,0.0,1.0,0.0,0.0,1.0,0.0,1.0,27.0,1.0,2.0,0.0,5.0,0.0,0.0,1.0,12.0,22.0
8,13202,2.0,0.0,0.0,5.0,4.0,0.0,1.0,0.0,7.0,6.0,1.0,28.0,0.0,0.0,4.0,0.0,1.0,13.0,3.0,13.0,10.0,3.0,4.0,57.0,3.0,5.0,1.0,18.0,12.0
9,24412,2.0,5.0,1.0,6.0,5.0,0.0,0.0,3.0,16.0,18.0,10.0,65.0,0.0,12.0,1.0,1.0,3.0,2.0,4.0,36.0,12.0,6.0,2.0,60.0,5.0,9.0,3.0,54.0,23.0
152,1748,0.0,0.0,0.0,1.0,2.0,1.0,1.0,0.0,7.0,2.0,3.0,14.0,0.0,0.0,1.0,0.0,0.0,1.0,1.0,5.0,1.0,1.0,0.0,7.0,1.0,1.0,0.0,11.0,1.0
11,49802,2.0,10.0,5.0,10.0,8.0,0.0,1.0,6.0,11.0,25.0,7.0,82.0,0.0,11.0,5.0,0.0,1.0,30.0,9.0,14.0,9.0,7.0,2.0,119.0,26.0,15.0,1.0,61.0,9.0
12,8029,0.0,0.0,0.0,2.0,0.0,0.0,1.0,1.0,9.0,4.0,3.0,34.0,0.0,3.0,1.0,0.0,1.0,0.0,2.0,18.0,6.0,3.0,0.0,48.0,0.0,2.0,1.0,12.0,17.0
13,11899,0.0,3.0,1.0,8.0,6.0,0.0,0.0,3.0,12.0,9.0,4.0,24.0,0.0,11.0,1.0,1.0,2.0,1.0,3.0,31.0,6.0,4.0,3.0,39.0,8.0,5.0,1.0,20.0,3.0
14,4445,1.0,0.0,0.0,2.0,1.0,0.0,0.0,2.0,10.0,3.0,0.0,14.0,1.0,3.0,0.0,0.0,0.0,3.0,2.0,20.0,2.0,1.0,1.0,8.0,0.0,7.0,0.0,10.0,2.0
153,2250,0.0,0.0,0.0,1.0,3.0,0.0,1.0,0.0,1.0,0.0,1.0,8.0,0.0,0.0,0.0,0.0,0.0,1.0,0.0,6.0,4.0,1.0,0.0,11.0,0.0,1.0,0.0,6.0,4.0
196,2357,1.0,0.0,0.0,0.0,0.0,0.0,1.0,0.0,0.0,0.0,0.0,0.0,0.0,0.0,0.0,0.0,0.0,0.0,0.0,4.0,0.0,0.0,0.0,3.0,0.0,1.0,0.0,4.0,1.0
15,3870,1.0,0.0,0.0,1.0,8.0,1.0,1.0,0.0,6.0,3.0,5.0,9.0,0.0,4.0,2.0,0.0,0.0,6.0,1.0,5.0,3.0,1.0,0.0,13.0,4.0,2.0,0.0,14.0,17.0
16,3001,0.0,0.0,0.0,1.0,2.0,0.0,1.0,1.0,0.0,1.0,1.0,8.0,0.0,1.0,0.0,0.0,0.0,0.0,0.0,10.0,1.0,1.0,1.0,4.0,0.0,6.0,0.0,10.0,0.0
17,14170,1.0,3.0,0.0,5.0,9.0,0.0,0.0,2.0,9.0,10.0,4.0,33.0,0.0,5.0,4.0,1.0,1.0,3.0,1.0,49.0,3.0,5.0,1.0,32.0,2.0,6.0,1.0,26.0,9.0
18,2737,0.0,0.0,0.0,0.0,0.0,0.0,1.0,0.0,2.0,0.0,0.0,4.0,0.0,1.0,1.0,0.0,0.0,0.0,0.0,1.0,3.0,1.0,0.0,26.0,0.0,0.0,0.0,7.0,5.0
19,4604,0.0,0.0,0.0,2.0,1.0,0.0,0.0,6.0,2.0,3.0,1.0,21.0,0.0,4.0,1.0,0.0,0.0,3.0,0.0,22.0,11.0,2.0,0.0,14.0,0.0,3.0,0.0,16.0,2.0
154,965,0.0,0.0,0.0,0.0,0.0,0.0,0.0,1.0,1.0,0.0,0.0,3.0,0.0,0.0,0.0,0.0,0.0,0.0,0.0,1.0,0.0,0.0,0.0,0.0,0.0,0.0,0.0,0.0,0.0
20,3946,0.0,0.0,0.0,0.0,0.0,0.0,0.0,1.0,3.0,2.0,2.0,7.0,0.0,1.0,2.0,0.0,0.0,0.0,2.0,10.0,2.0,1.0,1.0,30.0,1.0,3.0,0.0,9.0,0.0
155,2347,1.0,0.0,0.0,1.0,0.0,0.0,0.0,0.0,1.0,2.0,0.0,1.0,0.0,2.0,1.0,0.0,0.0,0.0,1.0,3.0,0.0,0.0,0.0,2.0,0.0,1.0,0.0,2.0,0.0
21,8068,0.0,0.0,0.0,1.0,0.0,1.0,1.0,2.0,8.0,1.0,1.0,16.0,0.0,4.0,1.0,0.0,0.0,0.0,1.0,22.0,3.0,2.0,3.0,90.0,1.0,2.0,0.0,18.0,8.0
156,1217,1.0,0.0,0.0,2.0,3.0,0.0,1.0,2.0,3.0,1.0,1.0,7.0,0.0,2.0,1.0,0.0,0.0,0.0,1.0,5.0,2.0,2.0,1.0,8.0,0.0,2.0,0.0,3.0,2.0
22,6438,1.0,0.0,0.0,0.0,0.0,0.0,0.0,0.0,7.0,3.0,1.0,10.0,0.0,3.0,2.0,1.0,0.0,6.0,2.0,8.0,1.0,1.0,2.0,26.0,0.0,4.0,0.0,10.0,3.0
157,3666,0.0,0.0,0.0,1.0,0.0,0.0,1.0,3.0,4.0,1.0,0.0,14.0,0.0,1.0,0.0,0.0,0.0,0.0,1.0,11.0,0.0,1.0,0.0,16.0,1.0,1.0,0.0,6.0,1.0
23,38326,1.0,3.0,1.0,6.0,2.0,1.0,1.0,5.0,9.0,14.0,8.0,45.0,0.0,30.0,12.0,1.0,1.0,20.0,4.0,16.0,35.0,5.0,1.0,93.0,13.0,12.0,1.0,100.0,12.0
24,2915,0.0,0.0,0.0,1.0,1.0,1.0,2.0,0.0,5.0,1.0,3.0,5.0,0.0,8.0,0.0,1.0,1.0,0.0,1.0,2.0,4.0,2.0,0.0,9.0,1.0,1.0,1.0,7.0,4.0
25,8773,1.0,0.0,0.0,1.0,1.0,0.0,0.0,1.0,3.0,9.0,4.0,12.0,1.0,1.0,3.0,0.0,1.0,0.0,1.0,18.0,4.0,3.0,1.0,21.0,1.0,3.0,1.0,24.0,0.0
26,7067,0.0,0.0,0.0,0.0,0.0,0.0,0.0,0.0,2.0,2.0,2.0,7.0,0.0,3.0,0.0,0.0,0.0,0.0,1.0,5.0,2.0,2.0,0.0,25.0,1.0,4.0,0.0,10.0,10.0
27,7739,0.0,1.0,1.0,0.0,1.0,0.0,0.0,1.0,5.0,4.0,1.0,15.0,0.0,1.0,1.0,0.0,1.0,2.0,0.0,17.0,8.0,2.0,0.0,31.0,1.0,2.0,1.0,10.0,4.0
28,4212,0.0,1.0,0.0,2.0,0.0,1.0,0.0,0.0,8.0,2.0,2.0,10.0,0.0,4.0,0.0,0.0,1.0,2.0,1.0,2.0,1.0,1.0,0.0,13.0,2.0,1.0,1.0,15.0,8.0
207,2733,0.0,0.0,0.0,1.0,0.0,0.0,0.0,0.0,2.0,2.0,1.0,8.0,0.0,0.0,0.0,0.0,0.0,0.0,0.0,3.0,1.0,1.0,0.0,12.0,0.0,2.0,0.0,6.0,0.0
29,8555,0.0,4.0,0.0,7.0,9.0,0.0,1.0,3.0,9.0,8.0,5.0,31.0,0.0,7.0,2.0,0.0,1.0,4.0,2.0,5.0,4.0,2.0,0.0,21.0,10.0,2.0,1.0,26.0,11.0
30,2534,0.0,1.0,0.0,0.0,1.0,1.0,1.0,0.0,3.0,1.0,1.0,7.0,0.0,1.0,1.0,0.0,2.0,0.0,1.0,9.0,2.0,1.0,0.0,8.0,0.0,1.0,2.0,8.0,0.0
31,1918,1.0,0.0,0.0,1.0,3.0,1.0,1.0,0.0,15.0,1.0,0.0,8.0,0.0,3.0,1.0,0.0,0.0,1.0,1.0,6.0,0.0,1.0,0.0,30.0,0.0,1.0,0.0,15.0,5.0
158,1953,0.0,1.0,0.0,1.0,1.0,0.0,1.0,1.0,4.0,1.0,1.0,9.0,0.0,1.0,0.0,0.0,0.0,0.0,1.0,2.0,0.0,2.0,0.0,14.0,0.0,1.0,0.0,10.0,2.0
32,22276,0.0,5.0,0.0,9.0,4.0,2.0,1.0,1.0,11.0,11.0,7.0,35.0,0.0,4.0,3.0,0.0,0.0,7.0,5.0,31.0,10.0,2.0,1.0,138.0,2.0,10.0,0.0,42.0,3.0
159,4092,0.0,0.0,0.0,3.0,1.0,1.0,2.0,1.0,2.0,3.0,0.0,8.0,0.0,4.0,0.0,0.0,0.0,1.0,1.0,4.0,4.0,2.0,0.0,20.0,1.0,2.0,0.0,23.0,1.0
160,12061,0.0,1.0,0.0,4.0,2.0,0.0,2.0,0.0,4.0,9.0,5.0,32.0,0.0,4.0,2.0,0.0,1.0,5.0,1.0,5.0,2.0,3.0,1.0,41.0,6.0,5.0,1.0,36.0,13.0
161,335,1.0,0.0,0.0,0.0,1.0,0.0,0.0,1.0,1.0,0.0,0.0,1.0,0.0,0.0,1.0,0.0,1.0,0.0,0.0,1.0,1.0,1.0,0.0,4.0,0.0,0.0,1.0,1.0,0.0
162,3085,0.0,0.0,0.0,1.0,0.0,0.0,0.0,0.0,5.0,2.0,1.0,6.0,0.0,0.0,1.0,0.0,1.0,2.0,1.0,7.0,1.0,1.0,1.0,12.0,0.0,1.0,1.0,7.0,2.0
34,8755,0.0,1.0,0.0,4.0,0.0,0.0,1.0,0.0,3.0,3.0,1.0,6.0,0.0,7.0,1.0,0.0,1.0,0.0,0.0,6.0,9.0,2.0,1.0,26.0,0.0,3.0,1.0,20.0,0.0
35,5451,0.0,2.0,0.0,1.0,5.0,1.0,0.0,0.0,1.0,6.0,3.0,29.0,0.0,3.0,0.0,0.0,1.0,2.0,1.0,30.0,7.0,2.0,1.0,23.0,2.0,2.0,1.0,17.0,3.0
36,11482,0.0,6.0,1.0,6.0,5.0,0.0,1.0,8.0,9.0,12.0,2.0,28.0,0.0,112.0,4.0,0.0,3.0,6.0,2.0,16.0,7.0,3.0,3.0,38.0,5.0,6.0,3.0,32.0,16.0
37,7974,4.0,0.0,0.0,3.0,0.0,0.0,0.0,2.0,9.0,3.0,1.0,12.0,0.0,2.0,3.0,0.0,1.0,0.0,1.0,17.0,11.0,1.0,1.0,72.0,1.0,4.0,1.0,10.0,9.0
38,13130,22.0,2.0,2.0,3.0,13.0,1.0,3.0,12.0,6.0,12.0,9.0,42.0,0.0,33.0,2.0,2.0,2.0,4.0,3.0,66.0,22.0,5.0,1.0,22.0,16.0,5.0,2.0,54.0,1.0
39,18272,2.0,1.0,1.0,1.0,1.0,1.0,0.0,4.0,9.0,8.0,2.0,27.0,0.0,5.0,1.0,0.0,0.0,3.0,1.0,48.0,6.0,2.0,0.0,105.0,2.0,4.0,0.0,24.0,2.0
40,16447,2.0,3.0,2.0,9.0,4.0,0.0,1.0,7.0,2.0,11.0,6.0,72.0,1.0,22.0,2.0,1.0,5.0,0.0,3.0,12.0,14.0,2.0,1.0,44.0,7.0,12.0,5.0,29.0,38.0
41,21769,0.0,2.0,0.0,2.0,2.0,0.0,0.0,3.0,7.0,14.0,3.0,28.0,2.0,6.0,1.0,0.0,1.0,3.0,2.0,6.0,4.0,2.0,0.0,86.0,5.0,6.0,1.0,22.0,3.0
163,679,0.0,0.0,0.0,0.0,0.0,0.0,0.0,2.0,1.0,1.0,0.0,6.0,0.0,1.0,1.0,0.0,0.0,0.0,0.0,4.0,2.0,0.0,0.0,5.0,0.0,0.0,0.0,3.0,0.0
42,2486,0.0,0.0,0.0,1.0,0.0,0.0,1.0,4.0,4.0,1.0,3.0,4.0,0.0,3.0,0.0,0.0,1.0,1.0,1.0,2.0,1.0,1.0,0.0,12.0,0.0,1.0,1.0,5.0,0.0
43,29830,2.0,4.0,2.0,8.0,4.0,0.0,0.0,7.0,8.0,16.0,6.0,64.0,0.0,29.0,8.0,0.0,0.0,12.0,4.0,39.0,23.0,6.0,0.0,131.0,13.0,11.0,0.0,47.0,11.0
44,5047,1.0,0.0,0.0,3.0,0.0,0.0,2.0,2.0,3.0,3.0,1.0,16.0,1.0,2.0,1.0,0.0,0.0,1.0,1.0,26.0,3.0,3.0,2.0,36.0,0.0,3.0,0.0,22.0,0.0
45,6606,2.0,1.0,0.0,3.0,4.0,0.0,2.0,2.0,5.0,6.0,1.0,21.0,0.0,6.0,2.0,0.0,2.0,1.0,1.0,13.0,2.0,3.0,0.0,29.0,3.0,2.0,1.0,26.0,7.0
46,3964,0.0,2.0,1.0,1.0,1.0,1.0,2.0,13.0,5.0,8.0,0.0,29.0,1.0,2.0,0.0,0.0,0.0,2.0,1.0,30.0,12.0,2.0,1.0,12.0,3.0,3.0,0.0,27.0,3.0
47,502,0.0,0.0,0.0,0.0,1.0,0.0,0.0,0.0,1.0,1.0,0.0,1.0,0.0,0.0,0.0,0.0,0.0,0.0,0.0,1.0,0.0,1.0,0.0,1.0,0.0,1.0,0.0,2.0,0.0
48,15595,2.0,1.0,0.0,2.0,1.0,0.0,1.0,3.0,6.0,9.0,3.0,22.0,1.0,4.0,3.0,2.0,1.0,9.0,1.0,24.0,4.0,1.0,1.0,22.0,7.0,8.0,1.0,29.0,1.0
49,3476,0.0,0.0,0.0,2.0,2.0,1.0,0.0,2.0,1.0,6.0,3.0,11.0,0.0,7.0,1.0,0.0,1.0,2.0,1.0,15.0,4.0,2.0,0.0,17.0,0.0,0.0,1.0,24.0,11.0
164,6800,1.0,0.0,0.0,4.0,4.0,0.0,0.0,0.0,3.0,4.0,1.0,18.0,0.0,1.0,1.0,0.0,0.0,3.0,1.0,4.0,3.0,1.0,1.0,12.0,3.0,2.0,0.0,14.0,9.0
50,54795,6.0,9.0,2.0,14.0,12.0,0.0,2.0,10.0,6.0,35.0,10.0,160.0,1.0,35.0,7.0,2.0,3.0,4.0,7.0,83.0,37.0,7.0,5.0,327.0,50.0,14.0,3.0,106.0,62.0
197,2424,1.0,0.0,0.0,1.0,2.0,0.0,1.0,0.0,2.0,1.0,0.0,6.0,0.0,2.0,1.0,0.0,0.0,0.0,1.0,9.0,0.0,1.0,0.0,4.0,0.0,1.0,0.0,5.0,0.0
165,604,0.0,0.0,0.0,0.0,0.0,0.0,0.0,0.0,0.0,0.0,0.0,1.0,0.0,0.0,0.0,0.0,0.0,0.0,0.0,10.0,0.0,0.0,0.0,0.0,0.0,1.0,0.0,0.0,0.0
51,2996,0.0,0.0,0.0,1.0,0.0,0.0,0.0,2.0,3.0,2.0,0.0,2.0,0.0,6.0,0.0,0.0,0.0,0.0,1.0,12.0,9.0,0.0,0.0,8.0,0.0,3.0,0.0,18.0,0.0
52,57491,5.0,8.0,3.0,26.0,16.0,5.0,1.0,6.0,11.0,27.0,19.0,95.0,4.0,26.0,11.0,5.0,0.0,7.0,5.0,38.0,18.0,6.0,2.0,267.0,26.0,20.0,0.0,123.0,9.0
53,5143,1.0,1.0,2.0,7.0,2.0,0.0,0.0,5.0,6.0,7.0,2.0,68.0,1.0,17.0,2.0,0.0,1.0,0.0,1.0,15.0,17.0,3.0,0.0,62.0,4.0,2.0,1.0,42.0,3.0
166,3531,1.0,2.0,0.0,0.0,4.0,0.0,1.0,0.0,9.0,1.0,4.0,12.0,0.0,6.0,1.0,0.0,1.0,1.0,1.0,11.0,4.0,1.0,0.0,15.0,2.0,1.0,1.0,13.0,11.0
54,26210,1.0,6.0,2.0,10.0,6.0,0.0,0.0,4.0,17.0,17.0,3.0,55.0,1.0,17.0,2.0,2.0,2.0,2.0,2.0,51.0,13.0,3.0,1.0,66.0,23.0,14.0,2.0,61.0,8.0
55,5018,0.0,0.0,0.0,1.0,5.0,0.0,1.0,1.0,2.0,4.0,4.0,19.0,0.0,2.0,3.0,0.0,0.0,1.0,1.0,5.0,3.0,1.0,0.0,30.0,1.0,3.0,0.0,17.0,26.0
56,1663,0.0,0.0,0.0,0.0,0.0,0.0,0.0,0.0,1.0,1.0,0.0,7.0,0.0,1.0,0.0,0.0,1.0,0.0,0.0,2.0,3.0,1.0,0.0,3.0,0.0,1.0,1.0,11.0,1.0
57,13023,0.0,0.0,0.0,2.0,1.0,0.0,2.0,2.0,2.0,7.0,0.0,18.0,0.0,4.0,1.0,0.0,1.0,0.0,4.0,21.0,4.0,2.0,1.0,11.0,2.0,6.0,1.0,17.0,19.0
58,8674,1.0,1.0,0.0,4.0,9.0,0.0,1.0,3.0,3.0,10.0,2.0,37.0,0.0,5.0,2.0,0.0,4.0,3.0,2.0,5.0,1.0,5.0,1.0,21.0,16.0,5.0,4.0,14.0,15.0
59,10088,10.0,5.0,1.0,5.0,11.0,1.0,1.0,5.0,11.0,13.0,5.0,49.0,1.0,17.0,7.0,1.0,2.0,6.0,5.0,20.0,13.0,3.0,4.0,58.0,21.0,5.0,2.0,32.0,26.0
60,15890,1.0,0.0,1.0,6.0,3.0,0.0,1.0,4.0,9.0,11.0,4.0,23.0,0.0,4.0,2.0,0.0,1.0,11.0,2.0,35.0,4.0,4.0,2.0,23.0,4.0,7.0,1.0,27.0,5.0
61,302826,14.0,57.0,38.0,123.0,151.0,25.0,13.0,69.0,34.0,183.0,126.0,965.0,31.0,338.0,61.0,4.0,8.0,275.0,50.0,76.0,273.0,33.0,25.0,820.0,214.0,80.0,7.0,567.0,63.0
62,2476,0.0,0.0,0.0,0.0,0.0,0.0,0.0,1.0,3.0,3.0,1.0,8.0,0.0,0.0,1.0,0.0,0.0,1.0,0.0,8.0,2.0,1.0,1.0,9.0,0.0,0.0,0.0,11.0,0.0
63,10850,1.0,3.0,1.0,3.0,14.0,0.0,1.0,2.0,17.0,14.0,6.0,55.0,0.0,4.0,3.0,0.0,2.0,3.0,1.0,18.0,5.0,2.0,1.0,37.0,16.0,8.0,2.0,29.0,13.0
208,3895,0.0,0.0,0.0,1.0,1.0,1.0,0.0,0.0,2.0,1.0,2.0,5.0,1.0,0.0,0.0,0.0,0.0,2.0,1.0,2.0,1.0,1.0,0.0,6.0,0.0,2.0,0.0,12.0,1.0
64,15129,3.0,3.0,1.0,4.0,2.0,1.0,1.0,2.0,6.0,7.0,4.0,23.0,0.0,0.0,2.0,1.0,1.0,3.0,1.0,17.0,4.0,2.0,1.0,46.0,4.0,4.0,1.0,19.0,2.0
65,3506,0.0,1.0,0.0,0.0,1.0,0.0,1.0,2.0,3.0,3.0,1.0,5.0,0.0,1.0,1.0,0.0,0.0,2.0,1.0,22.0,1.0,1.0,0.0,18.0,1.0,2.0,0.0,5.0,0.0
66,1839,1.0,0.0,0.0,0.0,0.0,0.0,0.0,1.0,2.0,1.0,0.0,0.0,0.0,0.0,0.0,0.0,0.0,0.0,0.0,9.0,1.0,1.0,0.0,0.0,0.0,0.0,0.0,2.0,0.0
167,2981,0.0,0.0,0.0,0.0,0.0,0.0,1.0,0.0,1.0,0.0,1.0,7.0,0.0,0.0,1.0,0.0,0.0,0.0,0.0,11.0,0.0,1.0,0.0,21.0,0.0,4.0,0.0,0.0,0.0
67,1396,0.0,0.0,0.0,1.0,1.0,0.0,0.0,1.0,1.0,1.0,1.0,10.0,0.0,1.0,0.0,0.0,0.0,0.0,0.0,4.0,1.0,1.0,0.0,6.0,0.0,0.0,0.0,7.0,0.0
68,6193,0.0,0.0,0.0,3.0,1.0,0.0,0.0,0.0,3.0,2.0,4.0,14.0,0.0,2.0,1.0,0.0,0.0,3.0,1.0,14.0,2.0,2.0,0.0,19.0,0.0,2.0,0.0,10.0,3.0
69,4009,1.0,0.0,0.0,0.0,2.0,0.0,0.0,1.0,3.0,4.0,2.0,14.0,0.0,4.0,0.0,0.0,0.0,0.0,1.0,7.0,2.0,3.0,0.0,16.0,0.0,4.0,0.0,10.0,1.0
198,2052,1.0,0.0,0.0,0.0,1.0,1.0,2.0,0.0,1.0,1.0,0.0,4.0,0.0,1.0,0.0,0.0,0.0,0.0,1.0,4.0,2.0,1.0,0.0,3.0,0.0,1.0,0.0,4.0,0.0
70,114872,17.0,26.0,14.0,60.0,106.0,19.0,12.0,21.0,13.0,79.0,54.0,429.0,6.0,77.0,37.0,1.0,12.0,51.0,21.0,39.0,53.0,19.0,10.0,500.0,162.0,51.0,12.0,208.0,51.0
168,4050,1.0,0.0,0.0,1.0,1.0,1.0,1.0,0.0,7.0,2.0,2.0,11.0,0.0,1.0,1.0,0.0,0.0,1.0,0.0,1.0,5.0,1.0,0.0,18.0,1.0,1.0,0.0,19.0,3.0
71,17580,15.0,1.0,1.0,5.0,7.0,1.0,0.0,4.0,7.0,11.0,2.0,42.0,0.0,10.0,5.0,1.0,3.0,5.0,1.0,23.0,20.0,2.0,0.0,73.0,10.0,7.0,3.0,51.0,18.0
72,8812,0.0,1.0,0.0,4.0,1.0,0.0,0.0,2.0,3.0,2.0,1.0,15.0,0.0,3.0,0.0,0.0,1.0,5.0,1.0,2.0,4.0,1.0,1.0,11.0,1.0,1.0,1.0,15.0,3.0
73,8552,1.0,2.0,0.0,3.0,2.0,0.0,1.0,1.0,7.0,5.0,2.0,21.0,0.0,9.0,1.0,0.0,2.0,0.0,1.0,25.0,1.0,1.0,1.0,15.0,4.0,0.0,2.0,17.0,6.0
74,3536,0.0,1.0,0.0,1.0,1.0,0.0,1.0,2.0,1.0,2.0,1.0,9.0,0.0,1.0,1.0,0.0,0.0,2.0,1.0,2.0,1.0,1.0,0.0,12.0,1.0,5.0,0.0,3.0,0.0
169,7300,3.0,1.0,0.0,2.0,1.0,0.0,0.0,0.0,1.0,4.0,3.0,13.0,1.0,3.0,2.0,0.0,0.0,4.0,1.0,3.0,3.0,1.0,0.0,28.0,6.0,2.0,0.0,12.0,4.0
75,5069,3.0,0.0,0.0,3.0,4.0,4.0,4.0,5.0,1.0,4.0,2.0,15.0,0.0,24.0,3.0,0.0,1.0,2.0,1.0,12.0,8.0,2.0,2.0,25.0,1.0,3.0,1.0,31.0,21.0
212,2895,0.0,0.0,0.0,1.0,0.0,0.0,0.0,0.0,1.0,0.0,0.0,2.0,0.0,0.0,0.0,0.0,0.0,0.0,1.0,6.0,3.0,0.0,0.0,6.0,0.0,3.0,0.0,12.0,0.0
170,3238,1.0,0.0,0.0,0.0,2.0,1.0,1.0,1.0,1.0,0.0,0.0,4.0,0.0,2.0,1.0,0.0,0.0,0.0,1.0,7.0,3.0,0.0,0.0,7.0,1.0,1.0,0.0,6.0,0.0
76,4489,0.0,0.0,0.0,2.0,1.0,0.0,0.0,2.0,3.0,1.0,1.0,11.0,0.0,14.0,0.0,0.0,0.0,0.0,0.0,9.0,3.0,1.0,0.0,11.0,2.0,5.0,0.0,23.0,0.0
199,3320,0.0,0.0,0.0,0.0,0.0,0.0,0.0,0.0,2.0,2.0,0.0,3.0,0.0,0.0,0.0,0.0,0.0,0.0,0.0,16.0,0.0,1.0,0.0,2.0,1.0,0.0,0.0,3.0,0.0
77,5683,1.0,0.0,0.0,1.0,2.0,0.0,0.0,1.0,3.0,3.0,1.0,8.0,0.0,6.0,2.0,0.0,0.0,2.0,1.0,12.0,3.0,1.0,1.0,11.0,1.0,1.0,0.0,6.0,9.0
78,5967,3.0,0.0,1.0,4.0,7.0,0.0,2.0,2.0,26.0,6.0,2.0,33.0,0.0,17.0,5.0,0.0,0.0,1.0,2.0,23.0,9.0,2.0,0.0,54.0,3.0,4.0,0.0,33.0,23.0
79,4438,0.0,1.0,0.0,1.0,0.0,0.0,1.0,0.0,2.0,5.0,2.0,9.0,0.0,3.0,1.0,0.0,0.0,0.0,1.0,7.0,2.0,1.0,1.0,4.0,2.0,2.0,0.0,12.0,1.0
80,18317,5.0,10.0,7.0,21.0,34.0,5.0,10.0,5.0,11.0,25.0,18.0,116.0,1.0,12.0,10.0,1.0,6.0,14.0,5.0,11.0,27.0,6.0,4.0,110.0,43.0,12.0,6.0,67.0,34.0
81,3329,0.0,1.0,0.0,1.0,1.0,0.0,1.0,1.0,2.0,4.0,0.0,11.0,0.0,1.0,0.0,0.0,0.0,1.0,0.0,7.0,1.0,1.0,1.0,13.0,0.0,4.0,0.0,2.0,2.0
82,5494,0.0,0.0,1.0,1.0,1.0,0.0,0.0,1.0,2.0,2.0,5.0,16.0,0.0,1.0,1.0,0.0,2.0,2.0,1.0,7.0,3.0,1.0,1.0,24.0,1.0,5.0,2.0,12.0,2.0
83,2681,0.0,0.0,0.0,1.0,0.0,0.0,0.0,1.0,2.0,2.0,0.0,2.0,0.0,0.0,1.0,0.0,0.0,0.0,0.0,7.0,0.0,0.0,0.0,2.0,0.0,1.0,0.0,9.0,1.0
84,31781,5.0,7.0,2.0,19.0,11.0,4.0,11.0,14.0,4.0,25.0,17.0,104.0,3.0,26.0,7.0,2.0,9.0,5.0,5.0,34.0,27.0,9.0,5.0,170.0,24.0,13.0,9.0,101.0,104.0
85,38678,2.0,5.0,3.0,8.0,1.0,0.0,2.0,3.0,5.0,17.0,5.0,50.0,0.0,72.0,5.0,0.0,1.0,11.0,2.0,37.0,36.0,1.0,1.0,154.0,12.0,14.0,1.0,70.0,3.0
86,1609,0.0,0.0,0.0,1.0,3.0,0.0,0.0,0.0,1.0,1.0,1.0,6.0,0.0,3.0,1.0,0.0,1.0,1.0,0.0,2.0,2.0,3.0,0.0,5.0,1.0,1.0,1.0,5.0,3.0
171,4203,0.0,0.0,0.0,1.0,0.0,0.0,1.0,0.0,1.0,2.0,1.0,7.0,0.0,0.0,2.0,0.0,0.0,0.0,0.0,7.0,0.0,1.0,0.0,4.0,0.0,1.0,0.0,5.0,6.0
87,11792,2.0,2.0,0.0,2.0,4.0,1.0,1.0,4.0,9.0,12.0,0.0,27.0,0.0,6.0,3.0,1.0,1.0,3.0,2.0,14.0,3.0,4.0,1.0,54.0,8.0,9.0,1.0,30.0,5.0
88,326,0.0,0.0,0.0,1.0,0.0,0.0,0.0,0.0,0.0,1.0,0.0,1.0,0.0,0.0,0.0,0.0,0.0,0.0,0.0,6.0,0.0,1.0,0.0,0.0,0.0,0.0,0.0,2.0,0.0
89,7879,1.0,0.0,0.0,5.0,5.0,1.0,2.0,1.0,3.0,4.0,2.0,16.0,0.0,1.0,1.0,0.0,1.0,1.0,0.0,5.0,8.0,3.0,0.0,41.0,2.0,4.0,1.0,23.0,14.0
90,18206,0.0,4.0,2.0,10.0,13.0,3.0,2.0,11.0,3.0,19.0,9.0,130.0,1.0,37.0,5.0,0.0,1.0,6.0,3.0,23.0,20.0,5.0,2.0,74.0,15.0,13.0,1.0,50.0,96.0
91,6168,1.0,2.0,1.0,3.0,5.0,0.0,1.0,10.0,4.0,6.0,6.0,20.0,0.0,2.0,2.0,0.0,0.0,1.0,1.0,31.0,13.0,2.0,0.0,17.0,3.0,3.0,0.0,21.0,0.0
92,3699,1.0,1.0,0.0,2.0,1.0,0.0,0.0,0.0,2.0,5.0,2.0,15.0,0.0,3.0,1.0,0.0,0.0,0.0,2.0,15.0,6.0,2.0,1.0,26.0,0.0,2.0,0.0,12.0,8.0
172,1828,0.0,0.0,0.0,1.0,0.0,1.0,1.0,0.0,1.0,1.0,1.0,5.0,0.0,1.0,1.0,0.0,0.0,0.0,0.0,5.0,2.0,0.0,0.0,11.0,0.0,2.0,0.0,4.0,5.0
93,2242,0.0,1.0,0.0,0.0,0.0,0.0,1.0,1.0,3.0,5.0,1.0,7.0,0.0,0.0,0.0,0.0,0.0,0.0,1.0,7.0,2.0,3.0,0.0,16.0,0.0,6.0,0.0,7.0,0.0
200,4327,0.0,1.0,0.0,2.0,0.0,0.0,0.0,0.0,1.0,2.0,1.0,5.0,1.0,0.0,2.0,0.0,1.0,3.0,0.0,4.0,2.0,1.0,0.0,6.0,1.0,1.0,1.0,9.0,1.0
173,6668,0.0,1.0,0.0,0.0,0.0,0.0,0.0,0.0,1.0,3.0,1.0,6.0,0.0,3.0,1.0,0.0,0.0,0.0,0.0,9.0,1.0,1.0,1.0,3.0,1.0,3.0,0.0,4.0,6.0
94,17192,3.0,6.0,1.0,12.0,15.0,2.0,0.0,7.0,7.0,11.0,12.0,70.0,0.0,16.0,3.0,1.0,5.0,6.0,3.0,40.0,65.0,5.0,1.0,64.0,22.0,7.0,5.0,84.0,5.0
174,5318,0.0,0.0,0.0,1.0,2.0,0.0,1.0,0.0,3.0,4.0,2.0,4.0,0.0,4.0,1.0,0.0,0.0,3.0,0.0,4.0,2.0,1.0,0.0,7.0,0.0,1.0,0.0,8.0,11.0
95,3946,0.0,0.0,0.0,1.0,0.0,0.0,1.0,2.0,1.0,1.0,1.0,6.0,0.0,3.0,1.0,0.0,0.0,0.0,1.0,10.0,4.0,1.0,1.0,23.0,0.0,1.0,0.0,9.0,8.0
175,6668,1.0,0.0,0.0,1.0,1.0,1.0,1.0,1.0,1.0,5.0,3.0,13.0,0.0,10.0,0.0,0.0,1.0,0.0,0.0,9.0,3.0,0.0,0.0,15.0,8.0,1.0,1.0,12.0,6.0
96,23898,12.0,11.0,4.0,24.0,25.0,2.0,15.0,21.0,12.0,19.0,20.0,94.0,0.0,74.0,8.0,4.0,7.0,12.0,6.0,9.0,39.0,4.0,1.0,93.0,53.0,15.0,7.0,96.0,76.0
97,5800,2.0,0.0,0.0,2.0,7.0,1.0,1.0,0.0,17.0,4.0,2.0,20.0,0.0,5.0,2.0,0.0,1.0,0.0,1.0,8.0,1.0,3.0,0.0,50.0,1.0,3.0,1.0,37.0,8.0
98,8363,0.0,0.0,0.0,4.0,3.0,1.0,1.0,0.0,2.0,5.0,4.0,20.0,0.0,3.0,1.0,0.0,0.0,2.0,1.0,5.0,4.0,2.0,0.0,15.0,4.0,2.0,0.0,17.0,8.0
99,4046,1.0,1.0,0.0,2.0,1.0,1.0,1.0,1.0,2.0,4.0,1.0,5.0,0.0,3.0,2.0,1.0,0.0,0.0,1.0,11.0,2.0,1.0,1.0,3.0,1.0,1.0,0.0,8.0,1.0
100,5064,1.0,1.0,0.0,3.0,2.0,2.0,2.0,0.0,4.0,5.0,3.0,21.0,0.0,3.0,3.0,0.0,2.0,2.0,2.0,5.0,2.0,1.0,1.0,13.0,5.0,3.0,2.0,16.0,9.0
101,6229,1.0,1.0,2.0,2.0,0.0,0.0,0.0,1.0,2.0,5.0,1.0,17.0,2.0,3.0,1.0,0.0,0.0,0.0,1.0,12.0,2.0,1.0,1.0,15.0,1.0,3.0,0.0,15.0,0.0
102,19359,0.0,5.0,1.0,9.0,6.0,2.0,0.0,11.0,5.0,17.0,5.0,67.0,1.0,12.0,5.0,0.0,1.0,2.0,3.0,22.0,17.0,6.0,2.0,30.0,8.0,7.0,1.0,46.0,26.0
103,11179,0.0,2.0,0.0,1.0,1.0,1.0,1.0,2.0,2.0,6.0,2.0,11.0,0.0,2.0,1.0,0.0,0.0,1.0,0.0,6.0,3.0,2.0,1.0,13.0,2.0,4.0,0.0,13.0,3.0
176,1231,1.0,0.0,0.0,1.0,0.0,0.0,1.0,0.0,1.0,2.0,0.0,8.0,0.0,1.0,0.0,0.0,0.0,1.0,1.0,3.0,2.0,1.0,0.0,8.0,0.0,1.0,0.0,2.0,2.0
209,2300,0.0,0.0,0.0,2.0,1.0,0.0,0.0,0.0,2.0,1.0,1.0,7.0,0.0,0.0,0.0,0.0,0.0,0.0,0.0,2.0,5.0,0.0,1.0,6.0,0.0,0.0,0.0,16.0,1.0
201,4424,3.0,0.0,0.0,2.0,6.0,2.0,2.0,3.0,1.0,2.0,2.0,5.0,0.0,5.0,3.0,0.0,1.0,2.0,1.0,3.0,2.0,3.0,1.0,16.0,0.0,3.0,1.0,6.0,6.0
104,9825,0.0,0.0,0.0,1.0,2.0,0.0,1.0,2.0,8.0,6.0,0.0,19.0,0.0,3.0,0.0,1.0,0.0,4.0,0.0,21.0,2.0,1.0,1.0,27.0,1.0,2.0,0.0,13.0,0.0
177,1071,0.0,0.0,0.0,1.0,0.0,1.0,0.0,1.0,2.0,2.0,0.0,6.0,0.0,0.0,0.0,0.0,0.0,0.0,0.0,3.0,0.0,1.0,0.0,12.0,0.0,2.0,0.0,6.0,0.0
106,11679,0.0,2.0,0.0,7.0,10.0,0.0,0.0,4.0,2.0,11.0,4.0,29.0,0.0,25.0,2.0,0.0,2.0,0.0,2.0,15.0,5.0,2.0,1.0,25.0,13.0,8.0,1.0,14.0,5.0
105,3027,0.0,0.0,0.0,2.0,4.0,1.0,1.0,0.0,11.0,3.0,2.0,19.0,0.0,4.0,2.0,0.0,1.0,2.0,0.0,5.0,0.0,1.0,0.0,16.0,1.0,2.0,1.0,8.0,7.0
107,3081,0.0,1.0,0.0,2.0,5.0,0.0,1.0,3.0,2.0,2.0,1.0,10.0,0.0,3.0,1.0,0.0,1.0,0.0,1.0,6.0,3.0,1.0,1.0,13.0,1.0,1.0,1.0,16.0,6.0
108,7157,0.0,1.0,0.0,3.0,0.0,1.0,1.0,1.0,2.0,9.0,5.0,16.0,0.0,0.0,2.0,0.0,1.0,3.0,1.0,5.0,1.0,1.0,1.0,33.0,2.0,3.0,1.0,16.0,13.0
178,4359,0.0,0.0,0.0,2.0,0.0,0.0,3.0,1.0,2.0,3.0,1.0,8.0,0.0,0.0,0.0,0.0,0.0,0.0,1.0,6.0,3.0,2.0,0.0,20.0,0.0,3.0,0.0,8.0,6.0
109,3780,0.0,0.0,0.0,0.0,0.0,0.0,0.0,3.0,2.0,0.0,0.0,2.0,0.0,0.0,0.0,0.0,0.0,0.0,0.0,16.0,2.0,0.0,0.0,16.0,0.0,1.0,0.0,6.0,1.0
110,17602,1.0,4.0,1.0,1.0,2.0,1.0,1.0,2.0,4.0,9.0,3.0,27.0,0.0,13.0,3.0,0.0,3.0,2.0,1.0,55.0,3.0,4.0,1.0,25.0,9.0,5.0,3.0,30.0,12.0
111,13669,4.0,5.0,3.0,5.0,27.0,4.0,2.0,13.0,4.0,15.0,15.0,66.0,3.0,18.0,8.0,0.0,3.0,8.0,4.0,33.0,11.0,3.0,1.0,45.0,12.0,4.0,3.0,50.0,37.0
112,17063,1.0,2.0,3.0,4.0,3.0,0.0,0.0,2.0,7.0,13.0,2.0,32.0,0.0,9.0,1.0,2.0,1.0,1.0,1.0,29.0,5.0,3.0,1.0,25.0,13.0,12.0,1.0,25.0,4.0
113,26363,0.0,8.0,1.0,11.0,10.0,0.0,6.0,4.0,8.0,20.0,5.0,62.0,0.0,7.0,3.0,0.0,2.0,5.0,4.0,26.0,11.0,5.0,1.0,62.0,16.0,13.0,2.0,51.0,32.0
114,15534,3.0,3.0,1.0,6.0,0.0,0.0,0.0,3.0,5.0,12.0,1.0,26.0,1.0,11.0,6.0,0.0,1.0,7.0,3.0,11.0,4.0,2.0,1.0,23.0,3.0,7.0,1.0,37.0,12.0
179,2354,0.0,0.0,0.0,1.0,0.0,0.0,0.0,0.0,5.0,2.0,0.0,2.0,0.0,3.0,0.0,0.0,0.0,0.0,0.0,7.0,1.0,1.0,0.0,11.0,0.0,1.0,0.0,1.0,0.0
180,493,0.0,0.0,0.0,0.0,0.0,0.0,0.0,2.0,1.0,1.0,0.0,14.0,0.0,0.0,0.0,0.0,0.0,0.0,0.0,4.0,0.0,0.0,0.0,6.0,0.0,0.0,0.0,3.0,1.0
202,1827,1.0,1.0,0.0,1.0,0.0,0.0,0.0,1.0,1.0,2.0,2.0,3.0,0.0,2.0,0.0,0.0,0.0,0.0,1.0,2.0,2.0,1.0,0.0,10.0,0.0,0.0,0.0,8.0,2.0
115,4111,1.0,0.0,0.0,0.0,0.0,0.0,0.0,0.0,4.0,3.0,0.0,3.0,0.0,1.0,0.0,0.0,0.0,0.0,1.0,5.0,1.0,2.0,0.0,19.0,0.0,1.0,0.0,13.0,3.0
203,4000,0.0,0.0,0.0,0.0,0.0,0.0,1.0,0.0,1.0,2.0,2.0,10.0,0.0,0.0,0.0,0.0,0.0,0.0,1.0,5.0,0.0,1.0,0.0,24.0,0.0,1.0,0.0,2.0,0.0
181,2347,0.0,0.0,0.0,1.0,1.0,0.0,0.0,0.0,1.0,2.0,0.0,5.0,0.0,1.0,0.0,0.0,0.0,0.0,0.0,2.0,0.0,1.0,0.0,8.0,0.0,1.0,0.0,2.0,1.0
204,2297,0.0,0.0,0.0,1.0,0.0,0.0,0.0,0.0,2.0,1.0,0.0,7.0,0.0,2.0,1.0,0.0,0.0,0.0,0.0,2.0,0.0,1.0,0.0,11.0,0.0,1.0,0.0,6.0,5.0
182,1191,1.0,0.0,0.0,1.0,0.0,0.0,0.0,0.0,1.0,0.0,0.0,2.0,0.0,1.0,1.0,0.0,0.0,0.0,0.0,2.0,2.0,1.0,1.0,6.0,0.0,1.0,0.0,2.0,0.0
116,2795,1.0,0.0,0.0,3.0,5.0,0.0,0.0,1.0,4.0,1.0,3.0,7.0,1.0,1.0,2.0,0.0,0.0,0.0,1.0,6.0,2.0,3.0,0.0,21.0,4.0,1.0,0.0,4.0,3.0
210,2238,0.0,0.0,0.0,0.0,0.0,0.0,0.0,0.0,0.0,0.0,0.0,1.0,0.0,0.0,0.0,0.0,0.0,0.0,0.0,1.0,0.0,1.0,0.0,1.0,0.0,0.0,0.0,5.0,0.0
205,1966,0.0,0.0,0.0,0.0,0.0,0.0,0.0,0.0,2.0,0.0,0.0,4.0,0.0,4.0,0.0,0.0,0.0,0.0,0.0,3.0,0.0,1.0,0.0,4.0,0.0,1.0,0.0,3.0,0.0
33,1342,1.0,0.0,0.0,0.0,2.0,0.0,0.0,1.0,5.0,2.0,0.0,5.0,0.0,2.0,1.0,0.0,0.0,1.0,0.0,4.0,0.0,1.0,0.0,19.0,1.0,3.0,0.0,13.0,1.0
183,6451,2.0,1.0,1.0,1.0,2.0,2.0,1.0,3.0,1.0,9.0,7.0,13.0,1.0,10.0,3.0,0.0,1.0,3.0,2.0,3.0,6.0,1.0,1.0,28.0,8.0,3.0,1.0,17.0,6.0
117,9041,1.0,1.0,0.0,1.0,0.0,1.0,0.0,1.0,6.0,3.0,5.0,16.0,1.0,2.0,3.0,0.0,1.0,1.0,1.0,11.0,7.0,2.0,1.0,33.0,1.0,3.0,1.0,22.0,8.0
118,8371,2.0,0.0,0.0,2.0,2.0,0.0,2.0,1.0,2.0,11.0,0.0,17.0,0.0,4.0,1.0,1.0,0.0,0.0,1.0,4.0,0.0,3.0,0.0,40.0,1.0,9.0,0.0,13.0,5.0
119,7446,1.0,0.0,0.0,0.0,1.0,0.0,0.0,2.0,3.0,2.0,0.0,4.0,0.0,2.0,0.0,0.0,0.0,2.0,1.0,13.0,2.0,1.0,1.0,7.0,1.0,0.0,0.0,7.0,2.0
120,19757,1.0,0.0,0.0,1.0,3.0,0.0,0.0,5.0,3.0,12.0,1.0,19.0,1.0,2.0,3.0,1.0,1.0,5.0,1.0,30.0,2.0,3.0,1.0,34.0,2.0,3.0,1.0,27.0,13.0
211,2915,0.0,0.0,0.0,1.0,1.0,0.0,0.0,1.0,1.0,1.0,1.0,2.0,0.0,0.0,1.0,0.0,0.0,0.0,0.0,6.0,3.0,1.0,0.0,4.0,0.0,0.0,0.0,6.0,2.0
121,3531,0.0,0.0,0.0,0.0,1.0,0.0,0.0,1.0,2.0,2.0,0.0,4.0,0.0,0.0,0.0,0.0,0.0,0.0,0.0,12.0,1.0,1.0,1.0,21.0,1.0,2.0,0.0,2.0,0.0
122,23850,3.0,4.0,0.0,8.0,2.0,0.0,0.0,2.0,8.0,12.0,5.0,47.0,1.0,13.0,4.0,0.0,1.0,1.0,0.0,31.0,11.0,2.0,2.0,83.0,17.0,6.0,1.0,38.0,2.0
123,12199,3.0,0.0,1.0,3.0,4.0,2.0,0.0,0.0,6.0,6.0,5.0,19.0,0.0,12.0,4.0,0.0,1.0,3.0,1.0,7.0,8.0,1.0,1.0,77.0,2.0,5.0,1.0,14.0,7.0
124,10575,3.0,3.0,0.0,2.0,7.0,0.0,1.0,0.0,5.0,11.0,3.0,25.0,0.0,3.0,3.0,0.0,1.0,1.0,1.0,21.0,6.0,1.0,0.0,31.0,2.0,6.0,1.0,20.0,7.0
206,3606,0.0,0.0,0.0,0.0,1.0,0.0,0.0,1.0,1.0,1.0,0.0,4.0,0.0,3.0,0.0,0.0,0.0,0.0,0.0,11.0,0.0,0.0,0.0,9.0,0.0,0.0,0.0,7.0,4.0
125,3436,0.0,0.0,0.0,0.0,0.0,0.0,0.0,1.0,1.0,1.0,0.0,1.0,0.0,1.0,1.0,0.0,0.0,1.0,0.0,1.0,0.0,0.0,1.0,7.0,0.0,2.0,0.0,5.0,0.0
194,5854,1.0,0.0,0.0,1.0,0.0,0.0,0.0,0.0,4.0,2.0,1.0,8.0,0.0,0.0,1.0,0.0,0.0,0.0,0.0,13.0,0.0,1.0,1.0,5.0,0.0,2.0,0.0,6.0,0.0
126,9007,2.0,1.0,0.0,2.0,0.0,0.0,0.0,3.0,2.0,2.0,0.0,9.0,0.0,3.0,1.0,1.0,0.0,1.0,0.0,13.0,1.0,0.0,0.0,35.0,0.0,2.0,0.0,17.0,2.0
127,4542,0.0,0.0,0.0,0.0,0.0,0.0,1.0,0.0,0.0,1.0,0.0,0.0,0.0,0.0,0.0,0.0,0.0,0.0,1.0,5.0,0.0,0.0,0.0,9.0,0.0,1.0,0.0,10.0,0.0
184,1833,0.0,0.0,0.0,0.0,0.0,0.0,0.0,0.0,2.0,0.0,1.0,1.0,0.0,0.0,0.0,0.0,0.0,0.0,0.0,3.0,0.0,0.0,0.0,2.0,0.0,0.0,0.0,0.0,1.0
10,3908,0.0,0.0,0.0,2.0,4.0,0.0,1.0,0.0,7.0,2.0,2.0,12.0,0.0,0.0,1.0,0.0,0.0,2.0,1.0,3.0,1.0,1.0,0.0,19.0,1.0,2.0,0.0,15.0,1.0
128,10661,1.0,3.0,2.0,6.0,2.0,1.0,5.0,12.0,9.0,12.0,2.0,37.0,3.0,8.0,1.0,0.0,2.0,3.0,1.0,38.0,21.0,4.0,1.0,43.0,3.0,17.0,2.0,44.0,5.0
129,15935,0.0,2.0,1.0,9.0,23.0,2.0,0.0,6.0,4.0,9.0,8.0,41.0,2.0,6.0,3.0,0.0,0.0,6.0,3.0,14.0,9.0,3.0,2.0,26.0,18.0,3.0,0.0,23.0,3.0
130,13855,1.0,3.0,1.0,2.0,0.0,1.0,1.0,3.0,8.0,8.0,0.0,12.0,0.0,1.0,2.0,1.0,0.0,2.0,0.0,37.0,5.0,1.0,1.0,14.0,0.0,3.0,0.0,13.0,4.0
185,1400,1.0,0.0,0.0,1.0,1.0,0.0,1.0,0.0,1.0,1.0,0.0,2.0,0.0,1.0,1.0,0.0,0.0,0.0,0.0,1.0,2.0,1.0,0.0,14.0,0.0,1.0,0.0,4.0,2.0
186,4000,1.0,2.0,0.0,3.0,1.0,0.0,1.0,0.0,2.0,2.0,2.0,12.0,0.0,0.0,1.0,0.0,0.0,4.0,0.0,1.0,3.0,1.0,1.0,17.0,4.0,1.0,0.0,7.0,0.0
131,15044,2.0,1.0,0.0,4.0,0.0,0.0,1.0,2.0,9.0,11.0,4.0,29.0,0.0,0.0,2.0,0.0,1.0,4.0,2.0,13.0,17.0,2.0,1.0,32.0,7.0,4.0,1.0,21.0,9.0
132,3070,0.0,0.0,1.0,1.0,5.0,1.0,1.0,1.0,5.0,4.0,3.0,10.0,0.0,1.0,1.0,0.0,0.0,2.0,1.0,6.0,5.0,1.0,1.0,24.0,3.0,2.0,0.0,9.0,9.0
133,33873,3.0,5.0,1.0,10.0,0.0,0.0,2.0,4.0,3.0,12.0,3.0,29.0,0.0,13.0,4.0,1.0,1.0,9.0,2.0,11.0,13.0,2.0,1.0,66.0,11.0,12.0,1.0,62.0,0.0
187,1379,1.0,0.0,0.0,1.0,3.0,0.0,0.0,1.0,4.0,1.0,1.0,3.0,0.0,13.0,1.0,0.0,1.0,7.0,0.0,3.0,2.0,1.0,0.0,3.0,0.0,1.0,1.0,4.0,4.0
134,4546,0.0,0.0,0.0,1.0,1.0,1.0,0.0,1.0,3.0,3.0,1.0,8.0,0.0,3.0,1.0,0.0,0.0,1.0,0.0,13.0,0.0,1.0,2.0,17.0,0.0,3.0,0.0,13.0,2.0
188,1361,0.0,0.0,1.0,1.0,0.0,0.0,0.0,0.0,3.0,1.0,3.0,7.0,0.0,7.0,0.0,0.0,2.0,0.0,0.0,2.0,1.0,1.0,0.0,6.0,0.0,1.0,2.0,13.0,11.0
135,5612,1.0,0.0,0.0,0.0,6.0,0.0,1.0,0.0,4.0,3.0,0.0,10.0,0.0,1.0,0.0,0.0,0.0,0.0,0.0,10.0,2.0,1.0,0.0,20.0,0.0,4.0,0.0,14.0,10.0
136,5866,0.0,0.0,0.0,1.0,2.0,0.0,0.0,6.0,3.0,3.0,1.0,21.0,0.0,6.0,0.0,0.0,0.0,1.0,1.0,21.0,5.0,2.0,3.0,17.0,2.0,4.0,0.0,34.0,17.0
137,2200,0.0,0.0,0.0,0.0,0.0,0.0,1.0,1.0,1.0,2.0,0.0,1.0,0.0,3.0,0.0,0.0,0.0,0.0,1.0,5.0,2.0,1.0,0.0,3.0,0.0,0.0,0.0,2.0,0.0
138,5291,2.0,0.0,0.0,2.0,0.0,0.0,0.0,0.0,5.0,2.0,4.0,7.0,0.0,3.0,3.0,0.0,0.0,1.0,1.0,7.0,5.0,1.0,1.0,44.0,0.0,2.0,0.0,16.0,7.0
139,9360,0.0,0.0,0.0,1.0,2.0,0.0,0.0,0.0,5.0,4.0,0.0,10.0,0.0,4.0,1.0,0.0,1.0,1.0,1.0,10.0,2.0,3.0,0.0,21.0,1.0,2.0,1.0,13.0,10.0
189,2792,2.0,1.0,0.0,1.0,2.0,0.0,1.0,5.0,2.0,2.0,0.0,10.0,0.0,12.0,1.0,0.0,2.0,1.0,1.0,7.0,2.0,1.0,1.0,10.0,1.0,0.0,2.0,7.0,8.0
140,18296,1.0,3.0,1.0,6.0,13.0,2.0,1.0,14.0,8.0,8.0,10.0,45.0,0.0,13.0,7.0,1.0,5.0,9.0,3.0,19.0,16.0,1.0,1.0,70.0,11.0,4.0,5.0,48.0,7.0
141,2594,0.0,0.0,0.0,0.0,0.0,0.0,1.0,0.0,1.0,0.0,0.0,3.0,0.0,0.0,0.0,0.0,0.0,0.0,1.0,5.0,0.0,1.0,0.0,2.0,0.0,1.0,0.0,6.0,1.0
142,16347,2.0,2.0,0.0,8.0,4.0,0.0,1.0,2.0,8.0,10.0,2.0,23.0,0.0,3.0,2.0,0.0,0.0,6.0,2.0,34.0,10.0,2.0,0.0,25.0,2.0,7.0,0.0,29.0,1.0
143,1453,0.0,0.0,0.0,0.0,0.0,0.0,1.0,0.0,0.0,0.0,0.0,1.0,0.0,0.0,0.0,0.0,0.0,0.0,0.0,5.0,0.0,0.0,0.0,7.0,0.0,1.0,0.0,6.0,1.0
144,6657,0.0,1.0,0.0,2.0,2.0,0.0,0.0,5.0,3.0,5.0,2.0,25.0,0.0,0.0,2.0,0.0,0.0,2.0,1.0,9.0,2.0,1.0,0.0,15.0,0.0,2.0,0.0,19.0,7.0
190,21737,1.0,4.0,1.0,4.0,2.0,0.0,2.0,2.0,9.0,11.0,2.0,35.0,0.0,134.0,2.0,1.0,1.0,9.0,1.0,15.0,6.0,4.0,1.0,35.0,1.0,5.0,1.0,39.0,50.0
146,6629,1.0,0.0,0.0,0.0,1.0,0.0,1.0,2.0,5.0,3.0,0.0,9.0,0.0,1.0,0.0,0.0,0.0,1.0,0.0,15.0,3.0,1.0,0.0,18.0,1.0,1.0,0.0,13.0,0.0
191,1299,0.0,0.0,0.0,0.0,0.0,0.0,0.0,0.0,1.0,1.0,0.0,0.0,0.0,1.0,1.0,0.0,0.0,0.0,0.0,3.0,1.0,1.0,0.0,2.0,0.0,1.0,0.0,1.0,1.0
147,5159,0.0,1.0,0.0,0.0,0.0,0.0,1.0,1.0,4.0,3.0,2.0,9.0,0.0,3.0,0.0,0.0,0.0,0.0,0.0,5.0,6.0,1.0,1.0,24.0,3.0,1.0,0.0,19.0,2.0
192,4515,0.0,0.0,0.0,0.0,1.0,1.0,1.0,5.0,2.0,3.0,0.0,8.0,0.0,1.0,0.0,0.0,0.0,0.0,1.0,7.0,4.0,1.0,0.0,16.0,0.0,1.0,0.0,7.0,1.0
193,4708,0.0,0.0,0.0,1.0,0.0,0.0,0.0,1.0,4.0,4.0,2.0,10.0,0.0,1.0,1.0,0.0,0.0,0.0,1.0,26.0,1.0,1.0,0.0,5.0,0.0,9.0,0.0,7.0,2.0
